label,v0,v1,v2,v3,v4,v5,v6,v7,v8,v9,v10,v11,v12,v13,v14,v15,v16,v17,v18,v19,v20,v21,v22,v23,v24,v25,v26,v27,v28,v29,v30,v31,v32,v33,v34,v35,v36,v37,v38,v39,v40,v41
0,0.035303518176078796,1.0075929164886475,0.11972066760063171,0.9784616827964783,0.1711493581533432,0.9321804046630859,0.21863296627998352,0.9100732803344727,0.25191083550453186,0.882439136505127,0.10813847929239273,0.7956302762031555,0.2021731734275818,0.751954197883606,0.25174906849861145,0.8089064359664917,0.26771676540374756,0.8667870759963989,0.09204965084791183,0.7989875078201294,0.20643629133701324,0.7495905160903931,0.2595037817955017,0.8266700506210327,0.2713865637779236,0.8928130269050598,0.09122452139854431,0.8225788474082947,0.20378828048706055,0.7929089069366455,0.24478891491889954,0.8703179359436035,0.2456563115119934,0.9260679483413696,0.09960586577653885,0.8636902570724487,0.19149017333984375,0.8596832752227783,0.21907779574394226,0.9060714244842529,0.21398819983005524,0.942783534526825
0,0.029955148696899414,1.0230082273483276,0.10789772868156433,0.9972694516181946,0.16622090339660645,0.9595747590065002,0.22241273522377014,0.9395046830177307,0.25419074296951294,0.9061570167541504,0.0927855372428894,0.8092519640922546,0.18546390533447266,0.7633756399154663,0.2432418316602707,0.8026767373085022,0.26754632592201233,0.8549259305000305,0.08127223700284958,0.8122722506523132,0.19083568453788757,0.7550076842308044,0.25248441100120544,0.8107412457466125,0.2721789479255676,0.8719941973686218,0.08205851912498474,0.835999071598053,0.19272375106811523,0.7882540225982666,0.24656365811824799,0.847055971622467,0.25891581177711487,0.9019898772239685,0.0952121764421463,0.8785514235496521,0.1833779662847519,0.8571864366531372,0.21387609839439392,0.8990866541862488,0.21548610925674438,0.9446486234664917
0,0.030409619212150574,1.0103867053985596,0.1093277782201767,0.9880931377410889,0.16435052454471588,0.9468166828155518,0.21933600306510925,0.9257615804672241,0.25860780477523804,0.8888571858406067,0.07934416830539703,0.7995861172676086,0.1756528913974762,0.7424892783164978,0.23636019229888916,0.7870601415634155,0.25928014516830444,0.8435057997703552,0.06726367026567459,0.8045674562454224,0.17932745814323425,0.7306948304176331,0.24626393616199493,0.792410671710968,0.26375702023506165,0.8579674363136292,0.06938284635543823,0.8240934610366821,0.17531874775886536,0.74817955493927,0.23926594853401184,0.810707688331604,0.2543902099132538,0.8739421367645264,0.08390913903713226,0.8591755032539368,0.1719302088022232,0.8157565593719482,0.21715757250785828,0.8578120470046997,0.2281537652015686,0.9098691940307617
0,0.028325282037258148,1.0109916925430298,0.1058696061372757,0.9830166101455688,0.16203024983406067,0.9395313262939453,0.21731461584568024,0.9160249829292297,0.2604634761810303,0.8841979503631592,0.08207802474498749,0.7998963594436646,0.17878419160842896,0.7420141696929932,0.23494607210159302,0.7897225022315979,0.25460541248321533,0.8486807942390442,0.06827599555253983,0.8017604947090149,0.18078581988811493,0.7281224727630615,0.2439306676387787,0.7905417680740356,0.2603185772895813,0.8557511568069458,0.0682528093457222,0.8209612369537354,0.176808163523674,0.7417554259300232,0.2367280125617981,0.8022879958152771,0.25238245725631714,0.8648772239685059,0.08186446130275726,0.8574965000152588,0.17062008380889893,0.8148025870323181,0.2123950719833374,0.8562670350074768,0.22324615716934204,0.9075052738189697
0,0.0278811976313591,1.021206259727478,0.10633109509944916,0.9898514747619629,0.16291938722133636,0.9436764121055603,0.2187865823507309,0.9171327352523804,0.2599758207798004,0.8802388310432434,0.0787709504365921,0.8025120496749878,0.17655055224895477,0.742596447467804,0.23476313054561615,0.7890771627426147,0.2562664747238159,0.8487022519111633,0.06494012475013733,0.8042309284210205,0.17885839939117432,0.7280897498130798,0.24383240938186646,0.7894408702850342,0.2612323760986328,0.8556585907936096,0.06552895903587341,0.8230239152908325,0.17547015845775604,0.7412570714950562,0.2361721694469452,0.8014906644821167,0.2516884207725525,0.8647757172584534,0.08071129769086838,0.859444797039032,0.1700601875782013,0.8131124377250671,0.21164155006408691,0.8541065454483032,0.221784308552742,0.9059801697731018
0,0.06121309846639633,1.0258657932281494,0.13564710319042206,0.9996386170387268,0.1946806162595749,0.9420627951622009,0.2539632022380829,0.9030736088752747,0.2836485505104065,0.8465371131896973,0.08777697384357452,0.7875573635101318,0.17653827369213104,0.7214266061782837,0.23615553975105286,0.7609956860542297,0.2575421929359436,0.8192874193191528,0.07384388893842697,0.7855461835861206,0.18139950931072235,0.7079904675483704,0.24712753295898438,0.7625225186347961,0.264995813369751,0.8271344900131226,0.07474824041128159,0.7985427975654602,0.1778765767812729,0.7090517282485962,0.2417849600315094,0.7658556699752808,0.25729548931121826,0.8289852738380432,0.09117378294467926,0.8271960616111755,0.1815621554851532,0.7687808871269226,0.22681617736816406,0.8071116805076599,0.23812836408615112,0.8582096099853516
0,0.06274320185184479,1.0350308418273926,0.13614417612552643,1.0040373802185059,0.19296331703662872,0.9429247379302979,0.2521984577178955,0.9010264873504639,0.28900855779647827,0.84107506275177,0.08737152814865112,0.7948545813560486,0.18106362223625183,0.7310240864753723,0.23661813139915466,0.7720030546188354,0.2528987228870392,0.8323889374732971,0.07370450347661972,0.7883303761482239,0.1813431978225708,0.7095546722412109,0.24445122480392456,0.7584415674209595,0.26316964626312256,0.8194059729576111,0.07504720240831375,0.7991082668304443,0.178074911236763,0.702914834022522,0.24162214994430542,0.7538673877716064,0.26000142097473145,0.8159602880477905,0.09353233873844147,0.8269864320755005,0.18396633863449097,0.7661411166191101,0.2286294400691986,0.8030517101287842,0.24096587300300598,0.8549087643623352
0,0.08286493271589279,1.0108751058578491,0.16998732089996338,0.9692140817642212,0.2327575385570526,0.9029802680015564,0.28947895765304565,0.864963948726654,0.3301587700843811,0.8113927245140076,0.1378183513879776,0.7418450713157654,0.21893686056137085,0.6831631660461426,0.2735593318939209,0.7235803604125977,0.2932223677635193,0.7796424031257629,0.11702562868595123,0.7372733354568481,0.21635477244853973,0.6679360270500183,0.27826371788978577,0.7209151983261108,0.29747021198272705,0.7825661897659302,0.10989078879356384,0.7487384676933289,0.20665611326694489,0.6634494662284851,0.27096259593963623,0.715766191482544,0.2926867604255676,0.7784227728843689,0.11733484268188477,0.778431236743927,0.2070745825767517,0.721389651298523,0.2610522508621216,0.7516441345214844,0.2848754823207855,0.7971802949905396
0,0.08951547741889954,1.0187478065490723,0.17226238548755646,0.9717319011688232,0.23455341160297394,0.9038561582565308,0.2925582230091095,0.8612421154975891,0.3325769305229187,0.8044521808624268,0.13245782256126404,0.7450870275497437,0.2179986536502838,0.6826406121253967,0.2735956907272339,0.7170456051826477,0.2932530641555786,0.7683839797973633,0.11448842287063599,0.739334225654602,0.21816755831241608,0.669343113899231,0.2785254418849945,0.7203664779663086,0.29743751883506775,0.7819557785987854,0.11026632785797119,0.7501201629638672,0.20977665483951569,0.668296754360199,0.2705632448196411,0.7199082970619202,0.2910178005695343,0.7812055349349976,0.12091272324323654,0.7796815037727356,0.2085520625114441,0.7243518829345703,0.257253497838974,0.7564668655395508,0.27787354588508606,0.8019508719444275
0,0.11260372400283813,0.9814004302024841,0.20105202496051788,0.9355435967445374,0.2637403607368469,0.8596578240394592,0.31951001286506653,0.8172465562820435,0.35818082094192505,0.7622933387756348,0.16814306378364563,0.6984784603118896,0.24434325098991394,0.6316753029823303,0.2993707060813904,0.6683320999145508,0.31903451681137085,0.7260258197784424,0.14597459137439728,0.6954024434089661,0.24221044778823853,0.6183338761329651,0.30642688274383545,0.6680768728256226,0.32683318853378296,0.7297527194023132,0.13590364158153534,0.7076292634010315,0.23586231470108032,0.6160913109779358,0.3006863296031952,0.6695296168327332,0.32072913646698,0.7324051260948181,0.14128287136554718,0.7379627227783203,0.23421061038970947,0.6806545257568359,0.28476107120513916,0.7165772318840027,0.3029647469520569,0.7663788795471191
0,0.10987403988838196,0.9909495711326599,0.19610416889190674,0.9419717192649841,0.25973108410835266,0.8644489645957947,0.31732848286628723,0.8195443749427795,0.35650527477264404,0.7659822702407837,0.16661319136619568,0.7021396160125732,0.24294011294841766,0.635025143623352,0.3015928864479065,0.6661996841430664,0.3242788016796112,0.7176640629768372,0.1463540643453598,0.6953393220901489,0.24295513331890106,0.6182940006256104,0.30671316385269165,0.670142412185669,0.3261265158653259,0.7335624694824219,0.13728928565979004,0.7043563723564148,0.2355721890926361,0.6147679090499878,0.3012489974498749,0.6704054474830627,0.3225420117378235,0.7347363829612732,0.14252373576164246,0.7327113747596741,0.23517267405986786,0.6761127710342407,0.28848814964294434,0.7138062119483948,0.31016993522644043,0.7640741467475891
0,0.10609694570302963,0.9971983432769775,0.19529856741428375,0.9442320466041565,0.2591954171657562,0.8656864166259766,0.31674036383628845,0.8206188678741455,0.3553354740142822,0.7665325403213501,0.16441404819488525,0.7001803517341614,0.2430567592382431,0.6320652365684509,0.30244991183280945,0.6657849550247192,0.32477566599845886,0.7195082902908325,0.14379170536994934,0.6947243809700012,0.24277697503566742,0.6163849830627441,0.3072472810745239,0.6696775555610657,0.32635653018951416,0.7346224784851074,0.13525837659835815,0.7058550119400024,0.23478096723556519,0.6159573197364807,0.3006896674633026,0.671803891658783,0.32172608375549316,0.7364166975021362,0.14186309278011322,0.7366023063659668,0.23514801263809204,0.6805521845817566,0.2879033386707306,0.7181687951087952,0.30882391333580017,0.768487811088562
0,0.11309918016195297,0.9641239643096924,0.21288065612316132,0.9116758704185486,0.27646327018737793,0.8272789716720581,0.33113449811935425,0.7822901010513306,0.37182697653770447,0.7373852729797363,0.19224609434604645,0.6655858159065247,0.2670823335647583,0.5929627418518066,0.3241681754589081,0.6262525916099548,0.34708404541015625,0.6837714910507202,0.169224813580513,0.6585423350334167,0.2641690671443939,0.5734052658081055,0.33117610216140747,0.6239012479782104,0.3528517484664917,0.687625527381897,0.15756607055664062,0.6680830717086792,0.25686630606651306,0.5714539289474487,0.3260968327522278,0.6257882714271545,0.3474064767360687,0.6884114146232605,0.16186130046844482,0.6951670050621033,0.25545644760131836,0.6367955207824707,0.30719873309135437,0.674601674079895,0.32538795471191406,0.7239111065864563
0,0.11068738996982574,0.9716309309005737,0.21524515748023987,0.9087108969688416,0.27836763858795166,0.8318156599998474,0.33449825644493103,0.7848549485206604,0.3712923526763916,0.7359471917152405,0.19425228238105774,0.6678102016448975,0.26767829060554504,0.5939497947692871,0.3257041573524475,0.627796471118927,0.3482774794101715,0.6836327314376831,0.17218640446662903,0.6594245433807373,0.26495879888534546,0.5713686347007751,0.33171847462654114,0.6237375140190125,0.35165518522262573,0.6928872466087341,0.16121797263622284,0.6683903336524963,0.25531288981437683,0.5716980695724487,0.3246849775314331,0.6265426874160767,0.3454107940196991,0.693336546421051,0.16505594551563263,0.6974478363990784,0.2558266520500183,0.6411412358283997,0.30831485986709595,0.6800023317337036,0.32773733139038086,0.7333953976631165
0,0.12818139791488647,0.9407650232315063,0.2312077134847641,0.8765101432800293,0.2939296066761017,0.7984924912452698,0.3475360870361328,0.754376232624054,0.3843027353286743,0.6946863532066345,0.2026962786912918,0.6317978501319885,0.2819880247116089,0.5591453313827515,0.3389793634414673,0.597649097442627,0.35833656787872314,0.654018759727478,0.18196430802345276,0.6243207454681396,0.2803449034690857,0.5371102690696716,0.34798184037208557,0.5941166281700134,0.3672284483909607,0.6613411903381348,0.1727171540260315,0.6343991160392761,0.2746448814868927,0.5317426323890686,0.34518706798553467,0.5900928378105164,0.3651037812232971,0.658120334148407,0.17885051667690277,0.6644288897514343,0.2738358974456787,0.6029993295669556,0.3265649676322937,0.6414605379104614,0.34366318583488464,0.6936432123184204
0,0.12203852832317352,0.9482782483100891,0.22905004024505615,0.8796817660331726,0.29192039370536804,0.7991237640380859,0.3490622639656067,0.7511639595031738,0.39352601766586304,0.7012057900428772,0.20362287759780884,0.6363546848297119,0.28066080808639526,0.5634701251983643,0.34106314182281494,0.5967985987663269,0.3659301996231079,0.6502455472946167,0.1827799379825592,0.6283763647079468,0.28041785955429077,0.5406938791275024,0.34890225529670715,0.5966851711273193,0.3699920177459717,0.6643420457839966,0.17417266964912415,0.6385294198989868,0.27253812551498413,0.5373280644416809,0.34333449602127075,0.5940743684768677,0.3649881184101105,0.6608940958976746,0.1804649829864502,0.669623613357544,0.2731022238731384,0.6093076467514038,0.3264967203140259,0.6474781632423401,0.3458375930786133,0.6995498538017273
0,0.12155681848526001,0.9520367383956909,0.23091840744018555,0.8803142309188843,0.2932552397251129,0.8028337955474854,0.3506089448928833,0.7554032206535339,0.39097487926483154,0.6947906017303467,0.2050206959247589,0.6424533128738403,0.28039926290512085,0.5687263011932373,0.3414333760738373,0.5997416377067566,0.36597567796707153,0.6510682106018066,0.18496790528297424,0.6325396299362183,0.2797629237174988,0.5418339371681213,0.34869882464408875,0.5965529084205627,0.3684699833393097,0.6645564436912537,0.17551419138908386,0.6394664645195007,0.2720986306667328,0.5388537645339966,0.3440796136856079,0.5952086448669434,0.3642383813858032,0.6616308689117432,0.1807180494070053,0.6675253510475159,0.2746012210845947,0.6048830151557922,0.3287815451622009,0.644202709197998,0.3459298014640808,0.6980275511741638
0,0.13784828782081604,0.9298253059387207,0.24394433200359344,0.8614592552185059,0.30602163076400757,0.7792022824287415,0.36233314871788025,0.7351704835891724,0.39896517992019653,0.6745865345001221,0.2093888521194458,0.6066844463348389,0.29204967617988586,0.5348711609840393,0.3522019386291504,0.5713765621185303,0.37418419122695923,0.6266823410987854,0.19162467122077942,0.5999429821968079,0.29521843791007996,0.5095256567001343,0.36433374881744385,0.5683557987213135,0.38309168815612793,0.6375300288200378,0.18604238331317902,0.6119693517684937,0.29249733686447144,0.5088066458702087,0.3634531497955322,0.5698688626289368,0.38083919882774353,0.639750063419342,0.1961475908756256,0.6437172889709473,0.29168635606765747,0.5742939114570618,0.34422728419303894,0.614625096321106,0.3593764901161194,0.668895423412323
0,0.1323731541633606,0.9370396137237549,0.24038250744342804,0.871213972568512,0.3074178397655487,0.7864585518836975,0.3656215965747833,0.7363652586936951,0.40358203649520874,0.6808592081069946,0.22159826755523682,0.6179068684577942,0.3000067472457886,0.5412479639053345,0.3587799072265625,0.5783486366271973,0.3789222538471222,0.6330530643463135,0.2011839598417282,0.6085587739944458,0.29729163646698,0.5176441669464111,0.36563077569007874,0.576423168182373,0.3828044533729553,0.6464446187019348,0.1911737024784088,0.6187471747398376,0.28854459524154663,0.5108094215393066,0.36028486490249634,0.5702157020568848,0.37967175245285034,0.6382661461830139,0.1963096261024475,0.6502199172973633,0.28921252489089966,0.5809717178344727,0.3426111936569214,0.6217610836029053,0.35842812061309814,0.676482081413269
0,0.14600013196468353,0.9279376268386841,0.25427159667015076,0.8541159629821777,0.31965285539627075,0.7739008665084839,0.37533748149871826,0.7272232174873352,0.4066857695579529,0.6561835408210754,0.22695331275463104,0.6052061915397644,0.3044523596763611,0.5258095264434814,0.3684910833835602,0.5588780641555786,0.396237850189209,0.6081832647323608,0.2094421535730362,0.5960880517959595,0.3011130690574646,0.4955754280090332,0.3738028407096863,0.547075629234314,0.39772218465805054,0.6152414083480835,0.2024085819721222,0.6055189371109009,0.29546302556991577,0.4986419677734375,0.36976808309555054,0.5495055317878723,0.3921166956424713,0.616759181022644,0.21005521714687347,0.6340577006340027,0.29640331864356995,0.5506044030189514,0.35542193055152893,0.5784372091293335,0.37887781858444214,0.6271970272064209
0,0.14770007133483887,0.925238311290741,0.25437939167022705,0.8594326972961426,0.32273486256599426,0.7751815319061279,0.3800526559352875,0.725562572479248,0.40779489278793335,0.662467896938324,0.2329709529876709,0.6027495861053467,0.3093627095222473,0.5204206109046936,0.37395137548446655,0.5553903579711914,0.40076854825019836,0.6082796454429626,0.21444466710090637,0.5947151184082031,0.30545198917388916,0.49278756976127625,0.3788004219532013,0.5470823049545288,0.40079742670059204,0.6155508160591125,0.20501495897769928,0.6039804220199585,0.2972854971885681,0.4948241710662842,0.37228426337242126,0.5493199229240417,0.3936830163002014,0.6171164512634277,0.20954689383506775,0.6338716149330139,0.2980055809020996,0.5540388822555542,0.3567715287208557,0.5875479578971863,0.37752431631088257,0.6407310962677002
0,0.15408435463905334,0.9218625426292419,0.26397794485092163,0.853096604347229,0.33178219199180603,0.7703497409820557,0.3904173672199249,0.722322940826416,0.41773855686187744,0.6572575569152832,0.2439056932926178,0.5997195839881897,0.3179242014884949,0.5187705755233765,0.38212284445762634,0.5525028705596924,0.4095737338066101,0.6050771474838257,0.22585007548332214,0.5913397669792175,0.31461337208747864,0.48729538917541504,0.3868706226348877,0.5425068140029907,0.40885284543037415,0.6124323010444641,0.21717289090156555,0.6009563207626343,0.308317631483078,0.49098604917526245,0.38287752866744995,0.5471843481063843,0.4037144184112549,0.6161613464355469,0.22362589836120605,0.6303666830062866,0.3112124800682068,0.5484975576400757,0.3687477111816406,0.5839976668357849,0.38828375935554504,0.6391124725341797
0,0.14899295568466187,0.9206724166870117,0.2623758614063263,0.854844331741333,0.3292187452316284,0.7716516256332397,0.389147013425827,0.7247832417488098,0.417574942111969,0.664056658744812,0.24591055512428284,0.6034018993377686,0.31878310441970825,0.5213524103164673,0.38088691234588623,0.5509085059165955,0.4068145453929901,0.6048383712768555,0.22823885083198547,0.5937260389328003,0.3186173141002655,0.49015378952026367,0.3897892236709595,0.5446627140045166,0.41038355231285095,0.6171352863311768,0.21920141577720642,0.5985801815986633,0.31190723180770874,0.4892144203186035,0.38508740067481995,0.5465859174728394,0.40344369411468506,0.6171263456344604,0.22346556186676025,0.623835027217865,0.31273365020751953,0.5464929342269897,0.3677324056625366,0.5832107067108154,0.3842094838619232,0.6390035152435303
0,0.14994584023952484,0.9210644960403442,0.2624899744987488,0.8554704785346985,0.3287838101387024,0.7714467644691467,0.38850122690200806,0.7249210476875305,0.4176103174686432,0.6620082259178162,0.24563086032867432,0.6030928492546082,0.31881245970726013,0.5216667652130127,0.3804534077644348,0.5525541305541992,0.40616586804389954,0.606453001499176,0.22862058877944946,0.5936254858970642,0.31824374198913574,0.4885847568511963,0.38959169387817383,0.543146550655365,0.41053450107574463,0.6153438091278076,0.21933996677398682,0.5989799499511719,0.31207969784736633,0.48958903551101685,0.3851417899131775,0.547919750213623,0.40303194522857666,0.618567168712616,0.22313573956489563,0.6241873502731323,0.31317225098609924,0.5469229817390442,0.36757054924964905,0.584327757358551,0.38331982493400574,0.6395443081855774
0,0.15875990688800812,0.9174348711967468,0.27147212624549866,0.8484904766082764,0.3389912545681,0.7689948081970215,0.3993154764175415,0.7215901613235474,0.4240219295024872,0.6530305743217468,0.25376570224761963,0.6007035970687866,0.32863563299179077,0.516045331954956,0.39028605818748474,0.5525515079498291,0.4130645990371704,0.6093310713768005,0.23611947894096375,0.5911170840263367,0.32439088821411133,0.48523443937301636,0.3951321244239807,0.5426616668701172,0.4147360920906067,0.6145684719085693,0.22667258977890015,0.5968844890594482,0.3171793520450592,0.48535722494125366,0.3909025192260742,0.5428669452667236,0.4095648527145386,0.6137552261352539,0.23080913722515106,0.6227622032165527,0.31971922516822815,0.5413857698440552,0.37682703137397766,0.5763819217681885,0.39523234963417053,0.630554735660553
0,0.15451852977275848,0.9191101789474487,0.2682604193687439,0.8546315431594849,0.3346714973449707,0.769295334815979,0.3938671350479126,0.7227224707603455,0.4210996627807617,0.6610071063041687,0.25168660283088684,0.5999663472175598,0.3249514698982239,0.5183306336402893,0.38744083046913147,0.546502411365509,0.4141671657562256,0.5987968444824219,0.23419106006622314,0.5897201895713806,0.32453781366348267,0.48523658514022827,0.3965935707092285,0.5393494367599487,0.4187653660774231,0.6113119125366211,0.22545182704925537,0.5944544672966003,0.3184281885623932,0.4855949282646179,0.3913542628288269,0.5427370071411133,0.4101431369781494,0.6131008267402649,0.22977769374847412,0.619226336479187,0.3186943829059601,0.5404976010322571,0.37474045157432556,0.5751996636390686,0.3937448263168335,0.6280980110168457
0,0.1580190360546112,0.9148709774017334,0.27657055854797363,0.8474286198616028,0.34326034784317017,0.768075168132782,0.4042188823223114,0.7183777093887329,0.4246954619884491,0.6503963470458984,0.2617909908294678,0.6039904952049255,0.3318919837474823,0.5197275876998901,0.3918972611427307,0.5492794513702393,0.41512179374694824,0.6012459397315979,0.24384315311908722,0.5925835371017456,0.32860425114631653,0.48661094903945923,0.3986087143421173,0.5388354063034058,0.42000624537467957,0.6103140115737915,0.23435454070568085,0.5949313044548035,0.32077276706695557,0.4824647307395935,0.39497309923171997,0.5369911193847656,0.4153909683227539,0.6067774891853333,0.23859159648418427,0.618319571018219,0.3246332108974457,0.5363079309463501,0.379675954580307,0.5715104937553406,0.397856742143631,0.6271865367889404
0,0.16088996827602386,0.9144425392150879,0.2736397981643677,0.8537713885307312,0.34092244505882263,0.7685102820396423,0.3998430371284485,0.7206693291664124,0.42704227566719055,0.657683253288269,0.25854772329330444,0.5974743366241455,0.3309881389141083,0.5171850919723511,0.39202848076820374,0.5468734502792358,0.4179501533508301,0.5980955362319946,0.24127143621444702,0.5871716737747192,0.32880038022994995,0.48438602685928345,0.4000723361968994,0.538831889629364,0.4222402274608612,0.6107156872749329,0.23139970004558563,0.5916538238525391,0.32193881273269653,0.48337411880493164,0.39506590366363525,0.5409435033798218,0.414645791053772,0.6114989519119263,0.23437725007534027,0.6145673990249634,0.3230375051498413,0.5377922654151917,0.3789481222629547,0.5738480091094971,0.3988000750541687,0.6274129152297974
0,0.15723253786563873,0.9132033586502075,0.2759881615638733,0.8486976623535156,0.3407551348209381,0.7664649486541748,0.3996347486972809,0.7185847759246826,0.4246980845928192,0.6531258225440979,0.25962284207344055,0.6021475791931152,0.329535573720932,0.5199192762374878,0.39061489701271057,0.5473301410675049,0.4157664477825165,0.5993132591247559,0.24311934411525726,0.5910476446151733,0.3282001316547394,0.486463725566864,0.40016332268714905,0.5388258695602417,0.4237512946128845,0.6104305386543274,0.2345474660396576,0.5919700264930725,0.3217077851295471,0.48541539907455444,0.39614012837409973,0.5413137674331665,0.4165259599685669,0.6101822257041931,0.23881253600120544,0.6128767132759094,0.32510191202163696,0.5382178425788879,0.37959814071655273,0.5734496712684631,0.3977343738079071,0.6262542009353638
0,0.1634000539779663,0.91007399559021,0.28074511885643005,0.8445071578025818,0.3468308448791504,0.7658916711807251,0.40690913796424866,0.7165850400924683,0.42654740810394287,0.6454588174819946,0.26921236515045166,0.6054793000221252,0.33425986766815186,0.5222071409225464,0.39337801933288574,0.5471084117889404,0.41851937770843506,0.593670666217804,0.2510543465614319,0.5931291580200195,0.3301866352558136,0.4876197278499603,0.3998768925666809,0.53596031665802,0.42313116788864136,0.6048627495765686,0.23876041173934937,0.5913219451904297,0.321306437253952,0.4825148284435272,0.395423948764801,0.5342403650283813,0.4173617959022522,0.6022729277610779,0.2393513321876526,0.6088669896125793,0.3252371847629547,0.5324855446815491,0.3811933994293213,0.565106987953186,0.4017108082771301,0.6169153451919556
0,0.16062824428081512,0.9099177122116089,0.27795588970184326,0.8459373712539673,0.3437674939632416,0.7662620544433594,0.4032283127307892,0.7197242379188538,0.42695242166519165,0.6526620984077454,0.2634613811969757,0.6009168028831482,0.3309185206890106,0.517733097076416,0.39222052693367004,0.5448998212814331,0.4192022681236267,0.5949265360832214,0.24691486358642578,0.590082585811615,0.33039480447769165,0.4866517186164856,0.4029037654399872,0.5372676253318787,0.4258381128311157,0.6080446243286133,0.2361026406288147,0.5898379683494568,0.322155624628067,0.48453667759895325,0.3971744179725647,0.5398840308189392,0.41768473386764526,0.6074252128601074,0.23783478140830994,0.6090492606163025,0.3264547884464264,0.5360201001167297,0.38167306780815125,0.571923553943634,0.3998892307281494,0.6240026950836182
0,0.16713345050811768,0.9074286818504333,0.281204491853714,0.8415812253952026,0.34921354055404663,0.7624507546424866,0.4102918803691864,0.7141715884208679,0.4293566048145294,0.644931972026825,0.2641567289829254,0.5950729846954346,0.33173227310180664,0.5092653632164001,0.3928973078727722,0.538979172706604,0.4199986159801483,0.5891400575637817,0.24633163213729858,0.5841615796089172,0.32847821712493896,0.4791256785392761,0.39930883049964905,0.5301077365875244,0.4237925410270691,0.5992852449417114,0.23454353213310242,0.5864212512969971,0.3220648765563965,0.4788356125354767,0.3969832956790924,0.5321691036224365,0.42018547654151917,0.6016117334365845,0.23614275455474854,0.6077300310134888,0.32454177737236023,0.5289823412895203,0.382648229598999,0.5623133778572083,0.40562117099761963,0.6152758598327637
0,0.16081105172634125,0.9088115692138672,0.27971121668815613,0.8420576453208923,0.3460446000099182,0.7611799836158752,0.40694016218185425,0.7148056030273438,0.4285079836845398,0.6479775905609131,0.26338058710098267,0.5970767140388489,0.3318473696708679,0.5106406211853027,0.39371639490127563,0.5367981195449829,0.42142683267593384,0.588028073310852,0.24648264050483704,0.5862491726875305,0.33023932576179504,0.4796338975429535,0.4027470648288727,0.5290055871009827,0.4269285798072815,0.6005017757415771,0.23624920845031738,0.5864874720573425,0.3225501477718353,0.4778794050216675,0.39791178703308105,0.5312275290489197,0.41947612166404724,0.5998955368995667,0.24015089869499207,0.6065517067909241,0.32835155725479126,0.5271234512329102,0.38443535566329956,0.5615124106407166,0.40372034907341003,0.6151848435401917
0,0.16389326751232147,0.9088187217712402,0.27954602241516113,0.8431260585784912,0.34678587317466736,0.7617781758308411,0.4080016613006592,0.7142881155014038,0.43267303705215454,0.6460407376289368,0.26488980650901794,0.5950543284416199,0.33389604091644287,0.5117361545562744,0.3949632942676544,0.538998007774353,0.4220214784145355,0.5873053073883057,0.24791319668293,0.583285927772522,0.3310157060623169,0.47847944498062134,0.4016094505786896,0.5282966494560242,0.4257128834724426,0.5981240272521973,0.2375081479549408,0.5847181677818298,0.3243477940559387,0.4759812653064728,0.39882761240005493,0.5283568501472473,0.42158883810043335,0.5984659790992737,0.24042853713035583,0.6046594977378845,0.32757192850112915,0.5244224667549133,0.38518190383911133,0.5566250681877136,0.4080142676830292,0.6097367405891418
0,0.16359208524227142,0.9083688855171204,0.2785995304584503,0.8451008796691895,0.3462159335613251,0.7611414194107056,0.4073977470397949,0.7138751149177551,0.43239104747772217,0.6464507579803467,0.26365312933921814,0.5930145382881165,0.33462634682655334,0.509342610836029,0.39618435502052307,0.5373479723930359,0.42237353324890137,0.5872114896774292,0.24684852361679077,0.5818551778793335,0.3321949243545532,0.4765737056732178,0.4037383794784546,0.5280534029006958,0.42678865790367126,0.5995585322380066,0.23639905452728271,0.5841764807701111,0.32430899143218994,0.4749114513397217,0.39948558807373047,0.5289058685302734,0.42158088088035583,0.5992059111595154,0.23911792039871216,0.6054105758666992,0.3264164924621582,0.5243017077445984,0.38421839475631714,0.5578176379203796,0.406202495098114,0.6113550662994385
0,0.16256864368915558,0.9072957634925842,0.27889278531074524,0.8431894779205322,0.3462073504924774,0.7590783834457397,0.4070802330970764,0.711273729801178,0.431875079870224,0.6427969932556152,0.26688891649246216,0.5933017730712891,0.3358495831489563,0.5068447589874268,0.3972652852535248,0.5352723002433777,0.42392611503601074,0.5861330032348633,0.2503187656402588,0.5824192762374878,0.33293986320495605,0.47517913579940796,0.4047229588031769,0.5260354280471802,0.42849308252334595,0.5972244143486023,0.23954296112060547,0.5834543108940125,0.32495468854904175,0.4735536575317383,0.3997989892959595,0.5278127789497375,0.421394407749176,0.5976545214653015,0.2416934072971344,0.6035923957824707,0.32814186811447144,0.5237334966659546,0.38449278473854065,0.5587196946144104,0.4044484794139862,0.6134487986564636
0,0.1637241393327713,0.9053642749786377,0.28295060992240906,0.8361548185348511,0.34912508726119995,0.7562040686607361,0.40958189964294434,0.7098389267921448,0.43359196186065674,0.6408955454826355,0.26688647270202637,0.5921177268028259,0.33583271503448486,0.5065401196479797,0.39708128571510315,0.5349099636077881,0.4231674075126648,0.584682285785675,0.2505057454109192,0.5812268257141113,0.33255451917648315,0.4750385880470276,0.4047814905643463,0.5240030288696289,0.4284101128578186,0.5952464938163757,0.24086427688598633,0.582332193851471,0.3242943584918976,0.4743044972419739,0.3995981812477112,0.5260031223297119,0.4214872419834137,0.5941882133483887,0.24462288618087769,0.602089524269104,0.32908546924591064,0.520256519317627,0.3853149116039276,0.5529672503471375,0.4060995280742645,0.606476902961731
0,0.16392791271209717,0.9056301116943359,0.28110039234161377,0.8393524885177612,0.34882476925849915,0.7564390301704407,0.4103465676307678,0.7095965147018433,0.43403515219688416,0.6414440274238586,0.26490917801856995,0.5889125466346741,0.3353765904903412,0.5043414235115051,0.3975769579410553,0.5341556072235107,0.42429178953170776,0.5845096111297607,0.24817001819610596,0.5782977342605591,0.3327706754207611,0.4731215834617615,0.4055880904197693,0.5244792699813843,0.42940884828567505,0.5957057476043701,0.23838168382644653,0.5804304480552673,0.3248414099216461,0.4724770784378052,0.4005565047264099,0.5260240435600281,0.4227365255355835,0.5949885249137878,0.2419796884059906,0.6018187999725342,0.3283248543739319,0.5203852653503418,0.38516464829444885,0.5540016889572144,0.4062539339065552,0.6074056029319763
0,0.16660723090171814,0.9045436382293701,0.2841382324695587,0.8350167274475098,0.3515961468219757,0.7545997500419617,0.4134490489959717,0.7056161165237427,0.4367986023426056,0.6361724734306335,0.271257221698761,0.5915566086769104,0.33701297640800476,0.5068280100822449,0.3974079489707947,0.532405436038971,0.42549729347229004,0.5799285173416138,0.254504919052124,0.579849123954773,0.3335666060447693,0.47336962819099426,0.4037424325942993,0.5189031362533569,0.4293489456176758,0.5885611772537231,0.2433382123708725,0.5797464847564697,0.32747936248779297,0.4706132113933563,0.4018630385398865,0.5201553106307983,0.42573970556259155,0.5901197195053101,0.2456803321838379,0.5985143780708313,0.3311518728733063,0.5176965594291687,0.388729065656662,0.5482794046401978,0.41215991973876953,0.6016970872879028
0,0.16562332212924957,0.9034619927406311,0.28444164991378784,0.8351612687110901,0.35150110721588135,0.7532763481140137,0.412416934967041,0.7048951387405396,0.4354141354560852,0.6368222832679749,0.2712428867816925,0.5902034640312195,0.3390638828277588,0.5055583715438843,0.400540292263031,0.5334444046020508,0.42883580923080444,0.5813814401626587,0.25464117527008057,0.5794039368629456,0.33509472012519836,0.4739062190055847,0.4072679281234741,0.5224097967147827,0.43311017751693726,0.5923111438751221,0.24348126351833344,0.5794329643249512,0.32753902673721313,0.4708330035209656,0.4032418727874756,0.522557258605957,0.4268876612186432,0.591378390789032,0.24543815851211548,0.5980361700057983,0.33156442642211914,0.5169265866279602,0.3889428973197937,0.5495510101318359,0.41133740544319153,0.6027016639709473
0,0.16628485918045044,0.9024548530578613,0.2852168679237366,0.8339119553565979,0.3518984019756317,0.7529366612434387,0.4122321307659149,0.704751193523407,0.43500030040740967,0.6380596160888672,0.2725643217563629,0.5903851389884949,0.33977195620536804,0.5046177506446838,0.4007302522659302,0.5335663557052612,0.42846861481666565,0.5820479989051819,0.25577312707901,0.5795462131500244,0.3357026278972626,0.47385865449905396,0.4077221751213074,0.5227978229522705,0.4332212805747986,0.5926706790924072,0.24442288279533386,0.5793104767799377,0.32760369777679443,0.47115999460220337,0.4031924903392792,0.5228752493858337,0.42677587270736694,0.5911427736282349,0.245986208319664,0.5976640582084656,0.3314690589904785,0.5174271464347839,0.38857245445251465,0.5498433709144592,0.4109444320201874,0.602432906627655
0,0.17215067148208618,0.8976128101348877,0.28727197647094727,0.8318517208099365,0.354796826839447,0.7498348355293274,0.41460496187210083,0.7018618583679199,0.43769457936286926,0.6347095370292664,0.276910662651062,0.5823922157287598,0.3437992334365845,0.49787402153015137,0.40451353788375854,0.5307610630989075,0.4310600757598877,0.5815872550010681,0.25902360677719116,0.5725134015083313,0.33892905712127686,0.4687371253967285,0.4097229838371277,0.5220372080802917,0.43330925703048706,0.5918014049530029,0.24631837010383606,0.5753217339515686,0.32991868257522583,0.46804046630859375,0.40511399507522583,0.5222011804580688,0.42830175161361694,0.5914373993873596,0.24617746472358704,0.5966787338256836,0.33172348141670227,0.5168876647949219,0.39074015617370605,0.549923837184906,0.41476204991340637,0.602622926235199
0,0.1712869256734848,0.8971160054206848,0.28659677505493164,0.8334839344024658,0.35375872254371643,0.7503688335418701,0.41415441036224365,0.7030143141746521,0.4363836646080017,0.6361935138702393,0.2734518349170685,0.5845592021942139,0.34160831570625305,0.5002371072769165,0.40405020117759705,0.5271320939064026,0.4319270849227905,0.5766589641571045,0.2561158835887909,0.5745762586593628,0.33776164054870605,0.4685341715812683,0.4108361005783081,0.5177335739135742,0.4357922375202179,0.5880830883979797,0.2445726990699768,0.575959324836731,0.3291093111038208,0.4687352776527405,0.40466001629829407,0.5212908387184143,0.4267832040786743,0.589319109916687,0.2455594837665558,0.5968653559684753,0.3319784998893738,0.5187252163887024,0.3892287313938141,0.5514749884605408,0.41055554151535034,0.6040036082267761
0,0.1685844361782074,0.8974046111106873,0.2847944498062134,0.8346302509307861,0.35354363918304443,0.7526033520698547,0.4147152304649353,0.7033496499061584,0.43618354201316833,0.635955810546875,0.27322477102279663,0.5871762633323669,0.33994555473327637,0.5028076171875,0.40160635113716125,0.5285124778747559,0.4293355345726013,0.5765974521636963,0.2556794285774231,0.5765044093132019,0.3349766731262207,0.4697597920894623,0.40800559520721436,0.515992283821106,0.4339085817337036,0.5860080122947693,0.24398556351661682,0.5772019028663635,0.3260404169559479,0.4691515266895294,0.402201771736145,0.5184546113014221,0.426025927066803,0.5857791900634766,0.2451745867729187,0.5974471569061279,0.329725444316864,0.5183719992637634,0.38781145215034485,0.5482782125473022,0.41135698556900024,0.5993402600288391
0,0.1684340536594391,0.8979218602180481,0.2855573892593384,0.8347829580307007,0.3529098331928253,0.7534146308898926,0.413509726524353,0.7039604783058167,0.43851909041404724,0.6365783214569092,0.27421456575393677,0.5892194509506226,0.3403211832046509,0.5037981867790222,0.4016188979148865,0.5294342637062073,0.4298945665359497,0.5769243240356445,0.2568957209587097,0.5779477953910828,0.3359174430370331,0.4708377718925476,0.4080830216407776,0.518070638179779,0.43328943848609924,0.5883159041404724,0.24487072229385376,0.5776582956314087,0.3277333974838257,0.46787524223327637,0.4034159481525421,0.5197080373764038,0.42664286494255066,0.5884467363357544,0.2457941174507141,0.5963153839111328,0.3315039277076721,0.5166053175926208,0.38895171880722046,0.5498733520507812,0.41089943051338196,0.6034200191497803
0,0.1674141138792038,0.8967247009277344,0.28731605410575867,0.8315120339393616,0.35489213466644287,0.7528393268585205,0.41581612825393677,0.7045379877090454,0.43748053908348083,0.6348453164100647,0.27796730399131775,0.5926658511161804,0.343122661113739,0.5061478018760681,0.40399470925331116,0.533159613609314,0.4311615824699402,0.5832214951515198,0.26029518246650696,0.5810405611991882,0.33891022205352783,0.4740980267524719,0.4107681214809418,0.5239119529724121,0.43516409397125244,0.5951287746429443,0.24696481227874756,0.5775772929191589,0.32869136333465576,0.47014427185058594,0.4044526219367981,0.5230341553688049,0.42691636085510254,0.5915831327438354,0.24667665362358093,0.5928667783737183,0.332730770111084,0.5160672068595886,0.3897298574447632,0.5497180819511414,0.41050851345062256,0.6022354364395142
0,0.1693783402442932,0.8973335027694702,0.2876967787742615,0.8319888114929199,0.35540080070495605,0.751880407333374,0.4163997769355774,0.7018089294433594,0.43541958928108215,0.633791446685791,0.27615177631378174,0.5871302485466003,0.3430890440940857,0.5014072060585022,0.40325766801834106,0.5335547924041748,0.4287135899066925,0.5833373069763184,0.2578979432582855,0.5766087770462036,0.33873727917671204,0.47215935587882996,0.4098076820373535,0.5250372886657715,0.4323924481868744,0.5946226119995117,0.24507740139961243,0.5759335160255432,0.3284188508987427,0.4686123728752136,0.40409421920776367,0.5235304832458496,0.4263918101787567,0.5923059582710266,0.24548348784446716,0.5948631763458252,0.33211809396743774,0.5143078565597534,0.39068686962127686,0.5488557815551758,0.4130989909172058,0.6020749807357788
0,0.16699358820915222,0.8968976736068726,0.2861206829547882,0.8326576352119446,0.35392287373542786,0.7524518966674805,0.41535380482673645,0.7036269307136536,0.43680861592292786,0.6347932815551758,0.27676063776016235,0.5911353230476379,0.3424537777900696,0.5045599937438965,0.40378814935684204,0.5322659015655518,0.43120548129081726,0.5824128985404968,0.2589457631111145,0.579683780670166,0.3391326665878296,0.4734961986541748,0.41127365827560425,0.5240959525108337,0.43556615710258484,0.5952324271202087,0.2456853836774826,0.5769240260124207,0.3289223909378052,0.4699506163597107,0.4048430323600769,0.5231226682662964,0.4275197982788086,0.5917749404907227,0.24520915746688843,0.5934907793998718,0.3323433995246887,0.51750648021698,0.3898181915283203,0.5506044030189514,0.41121843457221985,0.6022199392318726
0,0.1668131798505783,0.8972418308258057,0.2854562997817993,0.8338106274604797,0.3519459366798401,0.7535744905471802,0.4123646914958954,0.7037526965141296,0.43510496616363525,0.6358494162559509,0.2728392481803894,0.5904749631881714,0.33953702449798584,0.50480717420578,0.40110233426094055,0.5324525833129883,0.42850828170776367,0.5821784734725952,0.2563924491405487,0.579184889793396,0.336509108543396,0.4738507568836212,0.40887463092803955,0.5224878787994385,0.43365365266799927,0.5921682119369507,0.24544671177864075,0.57729172706604,0.3269497752189636,0.469964861869812,0.4028136432170868,0.5221713781356812,0.4256705641746521,0.5903905034065247,0.24700866639614105,0.5946831703186035,0.3323054313659668,0.516129732131958,0.38939255475997925,0.5498189926147461,0.4107993245124817,0.6033025979995728
0,0.1669733226299286,0.8977431058883667,0.2851889729499817,0.8348483443260193,0.3515147864818573,0.7545809745788574,0.41173651814460754,0.7059864401817322,0.43659505248069763,0.6374463438987732,0.2744672894477844,0.5916802287101746,0.3402578830718994,0.5049704313278198,0.40119126439094543,0.5328204035758972,0.4285458028316498,0.5832727551460266,0.2581603527069092,0.5800024271011353,0.3362765908241272,0.47397440671920776,0.40828511118888855,0.522125780582428,0.43279409408569336,0.5922050476074219,0.24633875489234924,0.5777624845504761,0.32745710015296936,0.46980273723602295,0.4030539095401764,0.5223777890205383,0.4251779317855835,0.5910018086433411,0.24725604057312012,0.5948857069015503,0.33303898572921753,0.5158233046531677,0.3900712728500366,0.5503306984901428,0.41037651896476746,0.6046017408370972
0,0.16537515819072723,0.8984375,0.2866972088813782,0.8302261829376221,0.3531734347343445,0.7525600790977478,0.4138590097427368,0.7041602730751038,0.4357216954231262,0.6363545656204224,0.27169427275657654,0.5887806415557861,0.33750778436660767,0.503802478313446,0.39804965257644653,0.5327091813087463,0.4252716302871704,0.5844730734825134,0.2552434206008911,0.5785387754440308,0.3339914083480835,0.47413164377212524,0.40623852610588074,0.5240558385848999,0.4325748383998871,0.594792902469635,0.24514324963092804,0.5767949819564819,0.3256113827228546,0.4697977900505066,0.40194883942604065,0.5224822163581848,0.4260525405406952,0.5916129946708679,0.24829798936843872,0.5943890810012817,0.3328191637992859,0.517269492149353,0.38927793502807617,0.5508579015731812,0.4105056822299957,0.6045584678649902
0,0.16616584360599518,0.8987109065055847,0.28747105598449707,0.8298566341400146,0.3539629578590393,0.7520408630371094,0.414935827255249,0.7034955024719238,0.435994416475296,0.6359659433364868,0.2725444734096527,0.5884835124015808,0.33862823247909546,0.5034534931182861,0.3989768326282501,0.5335803031921387,0.42585450410842896,0.5850237607955933,0.25592243671417236,0.5778745412826538,0.33456501364707947,0.47416841983795166,0.40640223026275635,0.5240761041641235,0.43245434761047363,0.5948567390441895,0.24525952339172363,0.5765342712402344,0.3263481557369232,0.46975401043891907,0.4027158319950104,0.5223387479782104,0.4269593358039856,0.5917633771896362,0.24780380725860596,0.5945857763290405,0.33272475004196167,0.5162007808685303,0.38992026448249817,0.5496094226837158,0.411837100982666,0.6036275029182434
0,0.16625608503818512,0.898961067199707,0.28748226165771484,0.8301366567611694,0.35405880212783813,0.7521777749061584,0.4148597717285156,0.7036450505256653,0.4360812306404114,0.6364743709564209,0.27179041504859924,0.5882134437561035,0.33817896246910095,0.5036095976829529,0.39850372076034546,0.5331578254699707,0.4253532886505127,0.5844430923461914,0.25513339042663574,0.5778342485427856,0.33430764079093933,0.4742050766944885,0.40610700845718384,0.5238902568817139,0.43190741539001465,0.5949420928955078,0.24461553990840912,0.5767532587051392,0.3261633813381195,0.46980011463165283,0.4023025631904602,0.5224417448043823,0.4262080788612366,0.5919637084007263,0.24749520421028137,0.5950959324836731,0.33255109190940857,0.5166674256324768,0.3894035220146179,0.5502351522445679,0.41090303659439087,0.6043795347213745
0,0.1671524941921234,0.8985612392425537,0.2872875928878784,0.8326175212860107,0.3538399338722229,0.7528136968612671,0.41402727365493774,0.7025227546691895,0.4353984296321869,0.6356815695762634,0.27415552735328674,0.5926388502120972,0.3396061360836029,0.5058455467224121,0.4002324342727661,0.5334194898605347,0.4275434613227844,0.5829120874404907,0.25734150409698486,0.5817384719848633,0.3358577489852905,0.4750201106071472,0.4074515402317047,0.5248960256576538,0.43241584300994873,0.5956866145133972,0.24590280652046204,0.5793445110321045,0.3270462453365326,0.4705847501754761,0.4029933512210846,0.5235804319381714,0.4262828528881073,0.5927678942680359,0.24781645834445953,0.5953057408332825,0.3326919376850128,0.5142092108726501,0.3904576897621155,0.5486353635787964,0.41239234805107117,0.6031631827354431
0,0.1675681620836258,0.8980967402458191,0.2869766056537628,0.8322348594665527,0.3540983200073242,0.752232015132904,0.4147273898124695,0.7013252973556519,0.43454602360725403,0.6344643831253052,0.27371737360954285,0.5912778973579407,0.33918559551239014,0.5039587616920471,0.399874746799469,0.5327305793762207,0.4273720681667328,0.5827606916427612,0.2567453980445862,0.5805855989456177,0.3357665240764618,0.4740569293498993,0.4074024558067322,0.5250455737113953,0.43234074115753174,0.5953253507614136,0.24546577036380768,0.5786738991737366,0.32702571153640747,0.469731867313385,0.40323740243911743,0.5232596397399902,0.4266948997974396,0.5925518274307251,0.24757325649261475,0.5953461527824402,0.3324874937534332,0.5134895443916321,0.39026445150375366,0.5485525131225586,0.41224029660224915,0.6035236716270447
0,0.1679360568523407,0.8971341848373413,0.2895990312099457,0.8307616114616394,0.35539576411247253,0.7536760568618774,0.41483208537101746,0.7035843729972839,0.43687838315963745,0.6361516118049622,0.2778623104095459,0.5951512455940247,0.34277594089508057,0.5099899768829346,0.40226706862449646,0.5359891653060913,0.42972904443740845,0.5851477980613708,0.26080042123794556,0.5832101106643677,0.33789268136024475,0.47680819034576416,0.4084739685058594,0.5240837335586548,0.435044527053833,0.5937895178794861,0.24919116497039795,0.5793620347976685,0.3282219171524048,0.47054338455200195,0.40342146158218384,0.5208263397216797,0.4281677305698395,0.5889627933502197,0.25059545040130615,0.5932450294494629,0.3337181806564331,0.515348494052887,0.39063772559165955,0.5468180179595947,0.41394251585006714,0.5987776517868042
0,0.17032593488693237,0.8993567824363708,0.29045605659484863,0.8314008116722107,0.35648494958877563,0.7520577311515808,0.4155571758747101,0.7027243375778198,0.43736138939857483,0.636857807636261,0.27534860372543335,0.588731050491333,0.34167754650115967,0.5019147396087646,0.40324866771698,0.5321610569953918,0.43128523230552673,0.5834117531776428,0.2578105330467224,0.5793437361717224,0.3376867175102234,0.4732026755809784,0.4098043143749237,0.5250834822654724,0.43521222472190857,0.5938718914985657,0.2470824420452118,0.5787030458450317,0.32848450541496277,0.47025203704833984,0.4044194519519806,0.5238238573074341,0.4275599718093872,0.5916083455085754,0.249635249376297,0.5962895750999451,0.334390252828598,0.5166003108024597,0.39204347133636475,0.5501918196678162,0.4142630100250244,0.6026374101638794
0,0.16818921267986298,0.8993088603019714,0.28914448618888855,0.8328144550323486,0.35479944944381714,0.7555475234985352,0.4146525263786316,0.7053687572479248,0.43827223777770996,0.635433554649353,0.2759128212928772,0.597227931022644,0.34094223380088806,0.5121173858642578,0.40282535552978516,0.5339166522026062,0.4313685894012451,0.5838402509689331,0.2595479190349579,0.5870646834373474,0.33766916394233704,0.47795170545578003,0.4102035164833069,0.5239537954330444,0.43674448132514954,0.5927408337593079,0.24959950149059296,0.5833738446235657,0.32913142442703247,0.4738979935646057,0.40419691801071167,0.5236270427703857,0.42629557847976685,0.589989423751831,0.25278666615486145,0.5972184538841248,0.33761271834373474,0.5233145952224731,0.3925955891609192,0.5545773506164551,0.4114032983779907,0.6055070161819458
0,0.1674007624387741,0.8998544216156006,0.28917616605758667,0.8312737941741943,0.3553447425365448,0.7541347146034241,0.41458871960639954,0.7045266032218933,0.43648403882980347,0.6380093097686768,0.2750656008720398,0.5921909809112549,0.34076154232025146,0.5067626237869263,0.4020542800426483,0.5353202819824219,0.4309414029121399,0.5858327746391296,0.2582075297832489,0.5823358297348022,0.33729079365730286,0.47691476345062256,0.40922167897224426,0.5269502401351929,0.4355543255805969,0.5959951281547546,0.24829447269439697,0.5807981491088867,0.32879912853240967,0.4727686643600464,0.40473705530166626,0.5254274606704712,0.4287809133529663,0.5938199758529663,0.25228574872016907,0.5974363088607788,0.3365405797958374,0.5189208388328552,0.39404600858688354,0.5524798035621643,0.416637122631073,0.6060271859169006
0,0.17267481982707977,0.9018439054489136,0.28842705488204956,0.8395957946777344,0.35628342628479004,0.7608429193496704,0.41898006200790405,0.7080641984939575,0.43602150678634644,0.6383001804351807,0.2774285674095154,0.5962485074996948,0.34123462438583374,0.5101865530014038,0.4022083282470703,0.5351273417472839,0.42952749133110046,0.5850991606712341,0.2597404718399048,0.5857383608818054,0.33868634700775146,0.4785792827606201,0.4094727039337158,0.5261117815971375,0.4342488646507263,0.5945684909820557,0.24757304787635803,0.584109902381897,0.33052578568458557,0.4756213426589966,0.40538743138313293,0.5257646441459656,0.42820504307746887,0.59385085105896,0.2482350766658783,0.6019375920295715,0.3344863951206207,0.5266612768173218,0.3909006118774414,0.5578891038894653,0.4118725061416626,0.6089473962783813
0,0.17070867121219635,0.9027957916259766,0.2896052598953247,0.8391260504722595,0.3567822277545929,0.7601661086082458,0.4177558422088623,0.7078530788421631,0.4377848207950592,0.6388137936592102,0.27771198749542236,0.5971997976303101,0.34110432863235474,0.5106114745140076,0.40230417251586914,0.5350775718688965,0.4310624897480011,0.5853967070579529,0.26018548011779785,0.5864619612693787,0.33801907300949097,0.4797689616680145,0.41011327505111694,0.5244486927986145,0.43657925724983215,0.5930938124656677,0.24785493314266205,0.5837231874465942,0.33017978072166443,0.477400541305542,0.4055681526660919,0.5263004302978516,0.42913317680358887,0.5935842990875244,0.24836964905261993,0.6006022691726685,0.334904283285141,0.5268430113792419,0.39126014709472656,0.5577278137207031,0.4126209318637848,0.6084572076797485
0,0.17153875529766083,0.9036632776260376,0.28855597972869873,0.840122401714325,0.3565791845321655,0.759675145149231,0.4188879728317261,0.7060161828994751,0.43660879135131836,0.6371798515319824,0.27759790420532227,0.5947008728981018,0.3413131535053253,0.5088623762130737,0.4023970067501068,0.535744309425354,0.4304366707801819,0.5853437185287476,0.26014262437820435,0.5842214822769165,0.33843982219696045,0.479336678981781,0.4096221327781677,0.5262652635574341,0.4350762367248535,0.5944092273712158,0.24739819765090942,0.5823460221290588,0.33093467354774475,0.4754573702812195,0.4063793420791626,0.5259941816329956,0.4303605854511261,0.5944267511367798,0.2473471760749817,0.5998492240905762,0.33450838923454285,0.5254465341567993,0.39191773533821106,0.5577337145805359,0.4143078923225403,0.6097263097763062
0,0.167972594499588,0.9019678831100464,0.2900988459587097,0.8376627564430237,0.35714784264564514,0.7629208564758301,0.4178474545478821,0.7125999927520752,0.4397357106208801,0.6426148414611816,0.2801273465156555,0.6032704710960388,0.34377938508987427,0.5188262462615967,0.40458717942237854,0.5400873422622681,0.4330221712589264,0.5900874137878418,0.26366284489631653,0.591886043548584,0.3407173454761505,0.48413121700286865,0.41213923692703247,0.5292872786521912,0.439373254776001,0.5976172089576721,0.2524627447128296,0.5869390964508057,0.33196547627449036,0.4799700975418091,0.4064532518386841,0.5288231372833252,0.4293351173400879,0.5948259234428406,0.2537844777107239,0.5995059609413147,0.3388555943965912,0.5278314352035522,0.39341211318969727,0.5588869452476501,0.41296741366386414,0.6087777018547058
0,0.16985979676246643,0.9016842842102051,0.28981882333755493,0.838140070438385,0.35692355036735535,0.7598130106925964,0.41743290424346924,0.7088403105735779,0.4374239146709442,0.6429218649864197,0.2804316282272339,0.5958484411239624,0.3446214199066162,0.5087738633155823,0.4056444466114044,0.5402016639709473,0.4338834285736084,0.5909402966499329,0.2631746232509613,0.5857999324798584,0.33988749980926514,0.47907721996307373,0.41292595863342285,0.528656005859375,0.4386306703090668,0.5973990559577942,0.25123316049575806,0.5848935842514038,0.3308865427970886,0.4773762822151184,0.4075494408607483,0.5305942296981812,0.43100157380104065,0.5982744097709656,0.2519896328449249,0.6022272109985352,0.33621275424957275,0.5232016444206238,0.39405500888824463,0.5573935508728027,0.416502982378006,0.6111319065093994
0,0.1700771450996399,0.9015064239501953,0.2922452688217163,0.8390437364578247,0.3588215112686157,0.763670027256012,0.4198504090309143,0.7112151980400085,0.438508003950119,0.6406416296958923,0.2819508910179138,0.6037595272064209,0.3453465402126312,0.518339991569519,0.40634188055992126,0.5402862429618835,0.43377405405044556,0.5909097194671631,0.26459527015686035,0.5929052233695984,0.34198662638664246,0.4851032495498657,0.41326650977134705,0.5315005779266357,0.4405040144920349,0.5988029837608337,0.25336822867393494,0.5879448652267456,0.33250436186790466,0.48141759634017944,0.40728163719177246,0.5301682949066162,0.4304405152797699,0.5960360169410706,0.25376784801483154,0.6000396609306335,0.3381461501121521,0.5287983417510986,0.39298516511917114,0.5589593052864075,0.4134606122970581,0.6083804368972778
0,0.17069174349308014,0.9030224084854126,0.2909511625766754,0.8405660390853882,0.35836493968963623,0.7617009878158569,0.4197818338871002,0.7096279859542847,0.4380442500114441,0.6417132616043091,0.28078702092170715,0.598869264125824,0.34534531831741333,0.5113440155982971,0.40599963068962097,0.5421592593193054,0.4334399104118347,0.5921516418457031,0.26324206590652466,0.5876805782318115,0.3408281207084656,0.48193851113319397,0.41274142265319824,0.5318376421928406,0.4377652406692505,0.6008691191673279,0.25118282437324524,0.5857350826263428,0.33168864250183105,0.47855478525161743,0.4074273109436035,0.5314928889274597,0.43072015047073364,0.5997903347015381,0.2515849769115448,0.6028341054916382,0.33599206805229187,0.522666871547699,0.39375537633895874,0.5558924674987793,0.4163263440132141,0.6091993451118469
0,0.1724073588848114,0.9034115076065063,0.29324138164520264,0.8391740918159485,0.36022651195526123,0.76256263256073,0.4213218092918396,0.7118779420852661,0.4416572153568268,0.6429749727249146,0.2842894196510315,0.6002213358879089,0.3477828800678253,0.5140802264213562,0.4076121151447296,0.5402931571006775,0.43447422981262207,0.5913190841674805,0.2664843201637268,0.5898895859718323,0.34374213218688965,0.48342448472976685,0.41378340125083923,0.5314952731132507,0.4389868974685669,0.5996927618980408,0.2536563277244568,0.5867397785186768,0.33428633213043213,0.4795166254043579,0.40947774052619934,0.5302619934082031,0.4328386187553406,0.5978186130523682,0.2537730634212494,0.6026647686958313,0.33980393409729004,0.5283812284469604,0.396467924118042,0.5605376362800598,0.4178689122200012,0.6121054291725159
0,0.17209474742412567,0.9025395512580872,0.2922743260860443,0.8394355773925781,0.3593370020389557,0.7621155977249146,0.42004138231277466,0.7110798358917236,0.4402099847793579,0.6438796520233154,0.28129348158836365,0.5985278487205505,0.34587037563323975,0.5133824944496155,0.40673089027404785,0.5407485961914062,0.43449872732162476,0.5906647443771362,0.2637663781642914,0.588442862033844,0.34154489636421204,0.4824560880661011,0.41351011395454407,0.5299156904220581,0.43948328495025635,0.5978661775588989,0.2519078850746155,0.5861251950263977,0.3326292037963867,0.48029255867004395,0.408677339553833,0.5314704179763794,0.43241801857948303,0.5984194278717041,0.25322434306144714,0.6028029918670654,0.3389679491519928,0.5276158452033997,0.3957332968711853,0.5611892342567444,0.4170278310775757,0.6144181489944458
0,0.17248427867889404,0.9017776250839233,0.29308223724365234,0.838446855545044,0.3596627414226532,0.762036144733429,0.42048346996307373,0.7110228538513184,0.4412672221660614,0.6417629718780518,0.28253597021102905,0.600930392742157,0.3466099798679352,0.5155854225158691,0.4070183038711548,0.5407187342643738,0.43438559770584106,0.5918112397193909,0.2653527557849884,0.5904707908630371,0.34306061267852783,0.48424482345581055,0.41381558775901794,0.5320330262184143,0.4393879175186157,0.6004204154014587,0.2534184753894806,0.5867903828620911,0.334109365940094,0.4801318645477295,0.4093184471130371,0.5311521291732788,0.43206316232681274,0.5985661745071411,0.25444164872169495,0.6017297506332397,0.34059157967567444,0.528042197227478,0.39659520983695984,0.5609005689620972,0.4166257679462433,0.6129915714263916
0,0.1701330691576004,0.9020918607711792,0.29258692264556885,0.8383569717407227,0.3589204251766205,0.762536883354187,0.41940760612487793,0.710397481918335,0.4399709701538086,0.6412541270256042,0.28183382749557495,0.6006918549537659,0.3464164733886719,0.515620231628418,0.4073413610458374,0.5422224402427673,0.43536263704299927,0.5939074754714966,0.26503053307533264,0.5903282761573792,0.3422528803348541,0.4837336540222168,0.41441795229911804,0.531163215637207,0.4411303400993347,0.5990502834320068,0.2537332773208618,0.5866773128509521,0.33281975984573364,0.4802591800689697,0.4089910387992859,0.5313386917114258,0.4326401948928833,0.5976241230964661,0.2550206184387207,0.6010152697563171,0.3398001194000244,0.5271052718162537,0.3958093225955963,0.5605225563049316,0.4163796305656433,0.6131460070610046
0,0.1697990745306015,0.9021643400192261,0.2919207215309143,0.8383992910385132,0.35788285732269287,0.762702226638794,0.41828227043151855,0.7103502154350281,0.43935489654541016,0.641329288482666,0.2816998064517975,0.6007723212242126,0.347043514251709,0.5146872997283936,0.40801239013671875,0.5422229766845703,0.4355532228946686,0.5946896076202393,0.26478683948516846,0.5908279418945312,0.34319987893104553,0.48326489329338074,0.4152148365974426,0.532425045967102,0.44137439131736755,0.6004056930541992,0.2536890208721161,0.5874820947647095,0.33333325386047363,0.4803006947040558,0.40949079394340515,0.5322112441062927,0.4327271580696106,0.5990761518478394,0.25514429807662964,0.6016882658004761,0.3398113250732422,0.5269254446029663,0.3964022397994995,0.5599286556243896,0.4175426661968231,0.612213671207428
0,0.1747608780860901,0.9018105268478394,0.29372328519821167,0.8386492133140564,0.3602348566055298,0.7610671520233154,0.4212559461593628,0.709064245223999,0.43944355845451355,0.6407045125961304,0.28294262290000916,0.5969620943069458,0.34657931327819824,0.5110436677932739,0.40711262822151184,0.5402041077613831,0.4335438311100006,0.5917773842811584,0.2652266323566437,0.5865102410316467,0.3422556221485138,0.48067694902420044,0.4142929017543793,0.5290544033050537,0.43907392024993896,0.5970573425292969,0.2530808448791504,0.5847322940826416,0.3324006199836731,0.47885656356811523,0.40884923934936523,0.5301681756973267,0.4320043921470642,0.5970502495765686,0.2538272738456726,0.6023077964782715,0.3384860157966614,0.5269314646720886,0.3954092562198639,0.5601696372032166,0.41669633984565735,0.6132920980453491
0,0.1723254770040512,0.9004641771316528,0.2942984998226166,0.8385578393936157,0.3614746928215027,0.7630500793457031,0.42258021235466003,0.7092624306678772,0.4387390613555908,0.6382960677146912,0.2842472195625305,0.601421058177948,0.34684884548187256,0.5175370573997498,0.4070679545402527,0.5408236384391785,0.43378931283950806,0.5925601720809937,0.26653894782066345,0.5907996296882629,0.3422214984893799,0.48494982719421387,0.4134977459907532,0.530941903591156,0.4407193660736084,0.597869873046875,0.25444114208221436,0.5860402584075928,0.3320064842700958,0.4813588857650757,0.40706464648246765,0.5296530723571777,0.4308309555053711,0.5953782200813293,0.25443127751350403,0.5996726155281067,0.33831965923309326,0.5293047428131104,0.3936365246772766,0.5594953298568726,0.4149647355079651,0.6094893217086792
0,0.1751103401184082,0.9030664563179016,0.29321014881134033,0.8414705395698547,0.3605940341949463,0.7605770230293274,0.4219914674758911,0.708378255367279,0.4392302930355072,0.6413075923919678,0.28025689721107483,0.5937541127204895,0.3460277318954468,0.5070927143096924,0.4068829417228699,0.5412122011184692,0.43311944603919983,0.5949493050575256,0.2627522349357605,0.5833532810211182,0.34207412600517273,0.47899651527404785,0.4137466847896576,0.5306271314620972,0.43704310059547424,0.6000529527664185,0.2515372037887573,0.5841397047042847,0.33268436789512634,0.4774226248264313,0.40853703022003174,0.5305637717247009,0.4309583008289337,0.599201500415802,0.25366947054862976,0.6049454212188721,0.3381149172782898,0.5230423808097839,0.3964541554450989,0.556158721446991,0.4190593361854553,0.6100661754608154
0,0.17429570853710175,0.9012800455093384,0.2963612377643585,0.8380601406097412,0.36267411708831787,0.7617779970169067,0.42331525683403015,0.7114695310592651,0.44506967067718506,0.6407449245452881,0.2841297686100006,0.6049050688743591,0.34714847803115845,0.5193149447441101,0.4079490303993225,0.5397404432296753,0.4355141520500183,0.5899046659469604,0.2670726180076599,0.5932350158691406,0.3444547951221466,0.4842372238636017,0.4157070219516754,0.5300247669219971,0.44190171360969543,0.5996155738830566,0.25549301505088806,0.5881215929985046,0.33583784103393555,0.4800206422805786,0.4103292226791382,0.5293498039245605,0.4323512613773346,0.5964341759681702,0.2563878893852234,0.6013790965080261,0.34190434217453003,0.5288730263710022,0.3968624770641327,0.5588477849960327,0.41594398021698,0.6082561612129211
0,0.17674332857131958,0.9011020064353943,0.29560625553131104,0.8396278619766235,0.3624083399772644,0.7605511546134949,0.42380160093307495,0.7095019221305847,0.44238439202308655,0.6413776278495789,0.2820626199245453,0.594951868057251,0.34889963269233704,0.5089508891105652,0.40977829694747925,0.5424326062202454,0.4356048107147217,0.5955823659896851,0.2647145092487335,0.5847299098968506,0.34534165263175964,0.4793661832809448,0.41665908694267273,0.5317209362983704,0.4394879937171936,0.6012823581695557,0.2533401548862457,0.5845609307289124,0.3362271785736084,0.4781641364097595,0.4115414321422577,0.5329965949058533,0.43301618099212646,0.6015787720680237,0.2553638219833374,0.6038496494293213,0.3416386544704437,0.5251345038414001,0.398895800113678,0.5608932971954346,0.4196668863296509,0.6155036091804504
0,0.1720643788576126,0.9014614820480347,0.293860524892807,0.8383790254592896,0.3605698049068451,0.7630444765090942,0.4215651750564575,0.7134594917297363,0.4444745182991028,0.6439084410667419,0.2823714315891266,0.6006693243980408,0.34658896923065186,0.5166146159172058,0.40817177295684814,0.5380315780639648,0.4366382360458374,0.5887501835823059,0.26605698466300964,0.5903421640396118,0.34354162216186523,0.4830646812915802,0.41618767380714417,0.5266475677490234,0.4437679648399353,0.5946541428565979,0.25539374351501465,0.5868958234786987,0.3348909914493561,0.4812085032463074,0.4103081524372101,0.5283752679824829,0.4335377812385559,0.5937219858169556,0.2572994828224182,0.6028468012809753,0.342299222946167,0.5316529870033264,0.39758485555648804,0.5608241558074951,0.41792309284210205,0.6101801991462708
0,0.17434439063072205,0.9024538993835449,0.29443418979644775,0.838703989982605,0.3609332740306854,0.7615306973457336,0.42187073826789856,0.7105299830436707,0.44284629821777344,0.6433683633804321,0.2822815179824829,0.5961095094680786,0.3477325439453125,0.5101608037948608,0.4091825485229492,0.539993405342102,0.4369942247867584,0.5910108685493469,0.2650534510612488,0.5862144231796265,0.344541072845459,0.4807922840118408,0.41616010665893555,0.530626654624939,0.4407006502151489,0.599724531173706,0.25357869267463684,0.5848406553268433,0.33568108081817627,0.47828686237335205,0.41177287697792053,0.5313110947608948,0.4348476231098175,0.5991767644882202,0.25521188974380493,0.6039136648178101,0.3416958749294281,0.5274001359939575,0.3993353247642517,0.5618150234222412,0.42086055874824524,0.6154038310050964
0,0.1746549904346466,0.89836585521698,0.2967100739479065,0.8360382318496704,0.3620512783527374,0.7631626725196838,0.4220174551010132,0.7122669219970703,0.4423927664756775,0.6424440741539001,0.2861848473548889,0.602239727973938,0.3494876027107239,0.5180284976959229,0.4098550081253052,0.5415427684783936,0.43652769923210144,0.5937325954437256,0.2690280079841614,0.5922683477401733,0.34609267115592957,0.4851340651512146,0.4171217679977417,0.5320814847946167,0.4434363842010498,0.599530816078186,0.25738468766212463,0.5876200795173645,0.3361978232860565,0.4810006320476532,0.4105518162250519,0.5304216742515564,0.43246251344680786,0.5954596996307373,0.2577759623527527,0.5997387170791626,0.34253910183906555,0.5297980308532715,0.39674845337867737,0.5610522627830505,0.4153461456298828,0.6107631921768188
0,0.1764700561761856,0.9008917808532715,0.29403987526893616,0.8401631116867065,0.3614969551563263,0.7609004378318787,0.422795832157135,0.7102949619293213,0.4419647753238678,0.6443822383880615,0.28249698877334595,0.5928102135658264,0.34947890043258667,0.5056938529014587,0.41031819581985474,0.5400723218917847,0.43643227219581604,0.5930017828941345,0.2644274830818176,0.5827435255050659,0.34589555859565735,0.47748804092407227,0.4175604581832886,0.5302939414978027,0.4397379755973816,0.5998141765594482,0.25236961245536804,0.583380401134491,0.33654165267944336,0.4758096933364868,0.4120403528213501,0.5314319729804993,0.4332123100757599,0.600088894367218,0.25362733006477356,0.6046422123908997,0.34031206369400024,0.5256972312927246,0.39827239513397217,0.5613949298858643,0.4193323850631714,0.6156209707260132
0,0.1734987050294876,0.9028534889221191,0.29514896869659424,0.8389227390289307,0.361609548330307,0.7612701654434204,0.4224357604980469,0.711841344833374,0.4453941583633423,0.6424896121025085,0.2841786742210388,0.6000926494598389,0.348575621843338,0.5135883092880249,0.4096425175666809,0.5362570881843567,0.43686726689338684,0.5865557789802551,0.2669208347797394,0.5897438526153564,0.3449345827102661,0.4809707999229431,0.4179619550704956,0.5248376727104187,0.44398340582847595,0.5936698913574219,0.25479617714881897,0.587007999420166,0.3353603482246399,0.47981467843055725,0.41109901666641235,0.5277840495109558,0.4332904815673828,0.5938717126846313,0.25512731075286865,0.6037123203277588,0.3400719165802002,0.5301038026809692,0.39634162187576294,0.5590394735336304,0.41680800914764404,0.6087005734443665
0,0.17604751884937286,0.904063880443573,0.29486900568008423,0.836452305316925,0.36056843400001526,0.7583386898040771,0.41982945799827576,0.7088508605957031,0.4435861110687256,0.6426229476928711,0.27700790762901306,0.5920045375823975,0.3450593948364258,0.5091733932495117,0.4080659747123718,0.5386521220207214,0.43825867772102356,0.5870019197463989,0.2594861388206482,0.5823910236358643,0.3432612121105194,0.4791684150695801,0.4170801043510437,0.5272456407546997,0.44311612844467163,0.5957899689674377,0.24918891489505768,0.5838811993598938,0.33581456542015076,0.4781653583049774,0.4122847318649292,0.5305166244506836,0.43589943647384644,0.5974464416503906,0.25286605954170227,0.6053810715675354,0.34111663699150085,0.5306064486503601,0.39768046140670776,0.5646091103553772,0.41828104853630066,0.6170542240142822
0,0.17339107394218445,0.9034221768379211,0.2959122061729431,0.8337224721908569,0.36241379380226135,0.7585374116897583,0.4245191216468811,0.7079721093177795,0.4479812979698181,0.6361867189407349,0.28035038709640503,0.5971384048461914,0.34624338150024414,0.5137693881988525,0.40776869654655457,0.536484956741333,0.4360503554344177,0.5863657593727112,0.26367536187171936,0.5870696306228638,0.34375423192977905,0.47946351766586304,0.4157387614250183,0.5249248743057251,0.44354209303855896,0.5934012532234192,0.25395238399505615,0.5851044058799744,0.3362393081188202,0.4774414300918579,0.4119184613227844,0.525650680065155,0.436118483543396,0.5924130082130432,0.2580820918083191,0.6038088798522949,0.34416815638542175,0.5317840576171875,0.40002021193504333,0.5611481666564941,0.4210193455219269,0.610560953617096
0,0.16765865683555603,0.9106932282447815,0.294013649225235,0.8301478028297424,0.35773640871047974,0.743200421333313,0.4158831834793091,0.6972813606262207,0.455078661441803,0.64665287733078,0.24902786314487457,0.5683837532997131,0.3394852876663208,0.4928586184978485,0.40496113896369934,0.5307755470275879,0.434124231338501,0.5862447023391724,0.23381730914115906,0.5630910396575928,0.34783729910850525,0.46665167808532715,0.42070892453193665,0.5261805057525635,0.4418714642524719,0.5989833474159241,0.23511895537376404,0.5787726640701294,0.3406903147697449,0.4745231866836548,0.4144367575645447,0.5310473442077637,0.43503403663635254,0.5996385812759399,0.2537050247192383,0.6139822006225586,0.34499484300613403,0.5326254367828369,0.40251874923706055,0.5596780776977539,0.4266887605190277,0.6060369610786438
0,0.16984707117080688,0.9151226282119751,0.2932032346725464,0.8324037194252014,0.3604024052619934,0.7440522909164429,0.4176354706287384,0.6921223402023315,0.45918717980384827,0.6400244832038879,0.2565721273422241,0.5700500011444092,0.3445741534233093,0.4850100874900818,0.40824902057647705,0.5237922072410583,0.43522077798843384,0.5781583189964294,0.237214595079422,0.5638658404350281,0.3493407368659973,0.46393266320228577,0.418770432472229,0.5227932929992676,0.43869417905807495,0.5934856534004211,0.2360811084508896,0.5810798406600952,0.34152477979660034,0.46944940090179443,0.41317564249038696,0.5251922011375427,0.43540656566619873,0.5956017374992371,0.25378701090812683,0.6192009449005127,0.3412855267524719,0.5329939126968384,0.39992305636405945,0.5606690645217896,0.427001416683197,0.6093416213989258
0,0.1679638922214508,0.9195364713668823,0.29317161440849304,0.8328045010566711,0.3589590787887573,0.7428705096244812,0.4166720509529114,0.6903666853904724,0.45925527811050415,0.6385602951049805,0.25664132833480835,0.5720805525779724,0.34316977858543396,0.4891924262046814,0.4054679572582245,0.5242042541503906,0.43255263566970825,0.5762643218040466,0.23763713240623474,0.5646471977233887,0.3483656644821167,0.4668097496032715,0.41676294803619385,0.525048017501831,0.43707844614982605,0.5982043743133545,0.2362608164548874,0.5808870792388916,0.3406890630722046,0.46979424357414246,0.4123707413673401,0.5269246697425842,0.43582016229629517,0.5986914038658142,0.25410881638526917,0.6182940602302551,0.3406584858894348,0.5320191979408264,0.39899712800979614,0.5602937936782837,0.42709824442863464,0.609258770942688
0,0.15042200684547424,0.9082620143890381,0.2727571427822113,0.8113471269607544,0.328654021024704,0.7167345881462097,0.37414926290512085,0.6653626561164856,0.4135017395019531,0.6182035803794861,0.2273152619600296,0.546517550945282,0.34113454818725586,0.4998212456703186,0.3919428586959839,0.5516582131385803,0.4138312339782715,0.6044561862945557,0.2168188840150833,0.5459446310997009,0.3639824092388153,0.501574695110321,0.41002029180526733,0.5792872309684753,0.42103949189186096,0.651635468006134,0.22551757097244263,0.5705360174179077,0.36276522278785706,0.519638180732727,0.408643901348114,0.5956278443336487,0.41888144612312317,0.6682572364807129,0.24933618307113647,0.6136139035224915,0.3391558527946472,0.5369632840156555,0.39819037914276123,0.5422995090484619,0.4390358328819275,0.5666291117668152
0,0.15411552786827087,0.8986563682556152,0.27088433504104614,0.8100575804710388,0.327459454536438,0.7158073782920837,0.3733976483345032,0.663482129573822,0.411570280790329,0.6180670261383057,0.2308611422777176,0.5435473918914795,0.33594226837158203,0.5004270076751709,0.3923878073692322,0.5401118993759155,0.42360419034957886,0.5828072428703308,0.21984398365020752,0.5423663258552551,0.3517841100692749,0.4991172254085541,0.4072740375995636,0.5625547766685486,0.432476669549942,0.6280171275138855,0.22631539404392242,0.5688877105712891,0.3474198579788208,0.5135418772697449,0.4048011302947998,0.5681725740432739,0.4311402440071106,0.6286383867263794,0.24611061811447144,0.6146456003189087,0.3253442049026489,0.5441128015518188,0.3841773271560669,0.5369745492935181,0.429811954498291,0.5479475855827332
0,0.1504906862974167,0.8896010518074036,0.21801704168319702,0.7788872718811035,0.2809365391731262,0.6793752312660217,0.3515421748161316,0.6411903500556946,0.40296706557273865,0.6350741982460022,0.23791247606277466,0.5122250318527222,0.3773277699947357,0.5172760486602783,0.38023364543914795,0.5811538696289062,0.3548930585384369,0.6116623878479004,0.23560091853141785,0.5400262475013733,0.3949756324291229,0.5600799322128296,0.3884669542312622,0.6238289475440979,0.3584018051624298,0.6540712714195251,0.24716535210609436,0.5941100716590881,0.39797595143318176,0.6130244731903076,0.3924230933189392,0.6716782450675964,0.3656100034713745,0.7049055695533752,0.2644059658050537,0.6651949286460876,0.3873637020587921,0.6657503843307495,0.4502429962158203,0.6855447292327881,0.49854350090026855,0.701104998588562
0,0.1509675234556198,0.8813148736953735,0.20910415053367615,0.7679054141044617,0.25830066204071045,0.6569052338600159,0.30318886041641235,0.5983995199203491,0.3234183192253113,0.5662111043930054,0.2347082793712616,0.5149549245834351,0.3726677894592285,0.5206196308135986,0.3771982192993164,0.585381805896759,0.3524114191532135,0.6171078681945801,0.23468554019927979,0.5436550378799438,0.3948211669921875,0.5609561800956726,0.3911740779876709,0.6321784257888794,0.3627880811691284,0.6645139455795288,0.24740232527256012,0.5952823758125305,0.4013403058052063,0.6154695749282837,0.39543917775154114,0.6839941143989563,0.36845576763153076,0.7202207446098328,0.2662756145000458,0.664635956287384,0.38460156321525574,0.6631636619567871,0.4460905194282532,0.6792269349098206,0.49489718675613403,0.6886112093925476
0,0.13336671888828278,0.854616105556488,0.14890041947364807,0.7204549908638,0.19427227973937988,0.575753927230835,0.2263665497303009,0.46060365438461304,0.2078815996646881,0.37655705213546753,0.230943962931633,0.5221376419067383,0.37349775433540344,0.5321130752563477,0.37605538964271545,0.5867499113082886,0.3499166965484619,0.6107158064842224,0.24772429466247559,0.5759236812591553,0.40329262614250183,0.5865452885627747,0.3967769742012024,0.6419437527656555,0.3694742023944855,0.6709145903587341,0.26834794878959656,0.6499717235565186,0.41510531306266785,0.6469921469688416,0.4055643677711487,0.6927362680435181,0.37779590487480164,0.7189031839370728,0.28612178564071655,0.7337709069252014,0.39518800377845764,0.7115225791931152,0.45825985074043274,0.7150847911834717,0.5118651986122131,0.7141806483268738
0,0.13595271110534668,0.8450969457626343,0.14764836430549622,0.7147935628890991,0.1949615329504013,0.5716234445571899,0.2285996675491333,0.45728743076324463,0.20674735307693481,0.3725224435329437,0.23272739350795746,0.5181373357772827,0.37611034512519836,0.5320673584938049,0.36992794275283813,0.5858369469642639,0.3383495509624481,0.6064378023147583,0.24785831570625305,0.5726510286331177,0.4017792344093323,0.5856836438179016,0.3860814869403839,0.644639253616333,0.35504159331321716,0.6635976433753967,0.2673063278198242,0.6477354168891907,0.41805779933929443,0.6431705951690674,0.4034583270549774,0.6908961534500122,0.37171652913093567,0.7078356742858887,0.28425461053848267,0.7311845421791077,0.3932129442691803,0.7097500562667847,0.4553793668746948,0.7180066108703613,0.5102081894874573,0.7186642289161682
0,0.13699381053447723,0.8448200225830078,0.14735807478427887,0.7163547277450562,0.19516055285930634,0.5718119740486145,0.22792042791843414,0.4577942192554474,0.20566242933273315,0.3735632002353668,0.23277336359024048,0.5180075168609619,0.375245064496994,0.530775785446167,0.3710630536079407,0.5845113396644592,0.3404524624347687,0.6053584814071655,0.2481096386909485,0.5725455284118652,0.40222007036209106,0.585401177406311,0.3881097733974457,0.6466919183731079,0.3582359552383423,0.6669794917106628,0.268053263425827,0.6475228667259216,0.41857653856277466,0.6418233513832092,0.40676337480545044,0.6910912394523621,0.37748342752456665,0.7099883556365967,0.285550594329834,0.7310850620269775,0.3928312659263611,0.7079942226409912,0.45528092980384827,0.7158211469650269,0.5101035833358765,0.7171496748924255
0,0.13705728948116302,0.8282556533813477,0.1463601440191269,0.693787157535553,0.19023677706718445,0.5464494228363037,0.2199033796787262,0.4332953095436096,0.19632267951965332,0.35225942730903625,0.2361280471086502,0.5062375068664551,0.3732599914073944,0.5210313200950623,0.3595362901687622,0.5685911774635315,0.3223121166229248,0.5855461359024048,0.2516648769378662,0.5660607218742371,0.3997012674808502,0.5822920799255371,0.37863776087760925,0.6340143084526062,0.345581591129303,0.6500691771507263,0.27166417241096497,0.6447595357894897,0.41569244861602783,0.6471714973449707,0.3990266025066376,0.6871734261512756,0.36805447936058044,0.7019186615943909,0.28942087292671204,0.7307437062263489,0.39742398262023926,0.7214810848236084,0.4586748778820038,0.7323223352432251,0.513734757900238,0.734987735748291
0,0.13722576200962067,0.8241446614265442,0.14463701844215393,0.6916423439979553,0.18920697271823883,0.5455517768859863,0.22001737356185913,0.4321548342704773,0.1958513855934143,0.3505289554595947,0.23625823855400085,0.5077677965164185,0.37242797017097473,0.5226795077323914,0.358987033367157,0.5681585073471069,0.32194656133651733,0.5844031572341919,0.251789927482605,0.5677414536476135,0.3968348205089569,0.5815799832344055,0.3764581084251404,0.634576141834259,0.3454369902610779,0.6526971459388733,0.2718173861503601,0.6457421183586121,0.4144357740879059,0.6456127762794495,0.397314190864563,0.6851191520690918,0.36606621742248535,0.7014390826225281,0.2892652153968811,0.7295701503753662,0.3985872268676758,0.7225581407546997,0.45982807874679565,0.7334449291229248,0.5141630172729492,0.7355772852897644
0,0.13858018815517426,0.8118625283241272,0.14945852756500244,0.6789225339889526,0.19559654593467712,0.5315707325935364,0.22688253223896027,0.4188683032989502,0.20441479980945587,0.3406325578689575,0.2468380481004715,0.5058035850524902,0.3828979432582855,0.5218164324760437,0.36191821098327637,0.5653989911079407,0.32042795419692993,0.5787345170974731,0.2649124264717102,0.5688174366950989,0.4056221544742584,0.5840761661529541,0.3757859170436859,0.6304739117622375,0.3406578600406647,0.6421330571174622,0.2855830490589142,0.6477524638175964,0.42194753885269165,0.6518827080726624,0.3963764011859894,0.688214123249054,0.36055755615234375,0.7003345489501953,0.3019780218601227,0.7323249578475952,0.411028653383255,0.7416971325874329,0.47089871764183044,0.7580925226211548,0.5248275995254517,0.7627131938934326
0,0.13840940594673157,0.8133717775344849,0.1476401686668396,0.6819826364517212,0.1955326795578003,0.5353757739067078,0.2273193895816803,0.42218291759490967,0.206473708152771,0.3392246663570404,0.247017040848732,0.5093194842338562,0.3848034143447876,0.5179508328437805,0.3624209463596344,0.565421462059021,0.32065120339393616,0.5792749524116516,0.2654566168785095,0.5747718811035156,0.4061625599861145,0.5830774903297424,0.3756076395511627,0.6312702298164368,0.3396640419960022,0.6418970227241516,0.28590166568756104,0.6544051170349121,0.42266055941581726,0.6498388648033142,0.39568597078323364,0.6859264969825745,0.35837239027023315,0.6963306069374084,0.30131515860557556,0.7369061708450317,0.4102911949157715,0.7409338355064392,0.4717644453048706,0.7580743432044983,0.5270273685455322,0.7622246742248535
0,0.13692450523376465,0.8151403069496155,0.14613807201385498,0.6841760277748108,0.19531556963920593,0.5365065336227417,0.227462500333786,0.4242236912250519,0.2067723572254181,0.3421573340892792,0.24698899686336517,0.5098320841789246,0.385441392660141,0.5190213322639465,0.3628665804862976,0.5659205913543701,0.3206758499145508,0.5792205333709717,0.2647247612476349,0.5757564306259155,0.40552645921707153,0.5840872526168823,0.376205712556839,0.6310464143753052,0.34005483984947205,0.6418967843055725,0.2845354378223419,0.655908465385437,0.4213745594024658,0.6504243016242981,0.3964456617832184,0.6871147155761719,0.36047789454460144,0.6980782747268677,0.2999448776245117,0.7386192679405212,0.4099562466144562,0.7404510378837585,0.47177326679229736,0.7577469348907471,0.5269260406494141,0.7626308798789978
0,0.14457975327968597,0.8071207404136658,0.1526014804840088,0.6726877689361572,0.20277288556098938,0.5236958861351013,0.23649418354034424,0.4105142056941986,0.21603605151176453,0.32981839776039124,0.2607055902481079,0.5077186822891235,0.3955732583999634,0.5182151794433594,0.3699505031108856,0.5616925954818726,0.3271225094795227,0.5730567574501038,0.27990007400512695,0.5761602520942688,0.41462796926498413,0.5847600102424622,0.382326602935791,0.6257708668708801,0.3462660312652588,0.6361032128334045,0.2997056841850281,0.6569827795028687,0.4334827661514282,0.6524454951286316,0.4042627811431885,0.6834109425544739,0.3664500415325165,0.6937093138694763,0.3140611946582794,0.7397011518478394,0.4230567514896393,0.7549777626991272,0.4838549494743347,0.7732595205307007,0.5395491719245911,0.7774063944816589
0,0.1447061449289322,0.8121590614318848,0.1517009437084198,0.676978588104248,0.20138689875602722,0.5292500257492065,0.2349666953086853,0.4160357117652893,0.21644604206085205,0.33370497822761536,0.2588661015033722,0.5091640949249268,0.3950606882572174,0.5183860063552856,0.3708012104034424,0.565843939781189,0.3284473717212677,0.5790785551071167,0.2790839970111847,0.5775672793388367,0.4148709774017334,0.5835119485855103,0.38555583357810974,0.6272614002227783,0.35024482011795044,0.6397550106048584,0.2989019453525543,0.6593984961509705,0.4321514368057251,0.6490460634231567,0.4078420400619507,0.6836130619049072,0.37367546558380127,0.6975893378257751,0.3123977780342102,0.743405282497406,0.42156749963760376,0.7565979361534119,0.4830874800682068,0.775536835193634,0.5382412672042847,0.7796903848648071
0,0.15118588507175446,0.809948742389679,0.15977852046489716,0.6720225811004639,0.2086353749036789,0.5220927000045776,0.2434375137090683,0.40749311447143555,0.22506701946258545,0.3265554904937744,0.268233060836792,0.5094505548477173,0.4023142158985138,0.5187810063362122,0.3751097321510315,0.5634817481040955,0.33051690459251404,0.5746087431907654,0.289794921875,0.5796812772750854,0.4220468997955322,0.5843930244445801,0.38963910937309265,0.6256006956100464,0.354641318321228,0.6348565816879272,0.309761106967926,0.6615193486213684,0.44135504961013794,0.6511836051940918,0.412634015083313,0.6798190474510193,0.3744596838951111,0.6883443593978882,0.32225853204727173,0.7441972494125366,0.4303699731826782,0.7589118480682373,0.4918009638786316,0.7781168818473816,0.5472192168235779,0.7821082472801208
0,0.15259572863578796,0.8104881048202515,0.15962441265583038,0.671739399433136,0.20757243037223816,0.5228696465492249,0.24138830602169037,0.40964221954345703,0.22404037415981293,0.3271111249923706,0.26711928844451904,0.5069263577461243,0.4009922742843628,0.5180686116218567,0.3755679428577423,0.563713014125824,0.33233094215393066,0.5749847888946533,0.2880326509475708,0.577690839767456,0.42171525955200195,0.5846140384674072,0.391560435295105,0.6263887882232666,0.35654622316360474,0.6371364593505859,0.3078055679798126,0.6606504917144775,0.43859222531318665,0.652034342288971,0.41310569643974304,0.6812558770179749,0.37726178765296936,0.6912589073181152,0.3206436038017273,0.7445768713951111,0.4295431971549988,0.7566351890563965,0.49143701791763306,0.7766516804695129,0.5463643074035645,0.7824059128761292
0,0.1538391411304474,0.8042216897010803,0.1628374457359314,0.6682137846946716,0.21144095063209534,0.5172402858734131,0.24542221426963806,0.40296274423599243,0.22740621864795685,0.3223206102848053,0.2702411115169525,0.5096896886825562,0.40539640188217163,0.5186508893966675,0.37857136130332947,0.5624077916145325,0.3340282738208771,0.5733188986778259,0.2919764518737793,0.5816667079925537,0.426243394613266,0.5840883255004883,0.3945237100124359,0.6236377954483032,0.3583545386791229,0.6339250802993774,0.31230926513671875,0.6646255254745483,0.4448677897453308,0.6508306860923767,0.41750213503837585,0.6788542866706848,0.3798280358314514,0.6884936094284058,0.3249780237674713,0.7481046915054321,0.4330049157142639,0.7608919143676758,0.4948374032974243,0.7784944772720337,0.5500373840332031,0.7819855213165283
0,0.15356995165348053,0.8025791049003601,0.16281205415725708,0.6655428409576416,0.21183517575263977,0.5179290175437927,0.24491490423679352,0.4047211706638336,0.22620214521884918,0.32264474034309387,0.2707814872264862,0.5087153315544128,0.4053894281387329,0.5185168981552124,0.3790663480758667,0.5617387294769287,0.33505308628082275,0.571894645690918,0.29226797819137573,0.5810463428497314,0.4261240065097809,0.5836516618728638,0.39599430561065674,0.6230583786964417,0.3608473539352417,0.6343042850494385,0.31236547231674194,0.6647091507911682,0.4436767101287842,0.6514203548431396,0.41834646463394165,0.6790812015533447,0.3823509216308594,0.6894843578338623,0.32520490884780884,0.7487760782241821,0.43336614966392517,0.7603610754013062,0.495419442653656,0.7787032723426819,0.55028235912323,0.7837462425231934
0,0.1529027223587036,0.8021664619445801,0.162913516163826,0.6656114459037781,0.21247047185897827,0.5178908705711365,0.24544939398765564,0.40420252084732056,0.2263440191745758,0.3219546973705292,0.27023738622665405,0.509270191192627,0.4050387144088745,0.5184389352798462,0.3788476884365082,0.5613764524459839,0.334743469953537,0.5716394186019897,0.29198288917541504,0.5814749002456665,0.4260062277317047,0.5832419991493225,0.39614337682724,0.6227582693099976,0.361102819442749,0.6344053149223328,0.31230485439300537,0.6650018095970154,0.4440010190010071,0.6505786776542664,0.4191444516181946,0.678387463092804,0.38329410552978516,0.6892479658126831,0.3251725435256958,0.7488225698471069,0.43326717615127563,0.760704755783081,0.49532556533813477,0.7793617248535156,0.5500580072402954,0.7845391631126404
0,0.15519055724143982,0.8030370473861694,0.1661081612110138,0.6678990125656128,0.2148534655570984,0.5207623243331909,0.24790886044502258,0.40669530630111694,0.22832784056663513,0.324415385723114,0.2734677493572235,0.5114419460296631,0.4088175892829895,0.5195962190628052,0.38264384865760803,0.5641388893127441,0.33769094944000244,0.5747754573822021,0.2948797941207886,0.5830893516540527,0.4292777180671692,0.5849175453186035,0.39779427647590637,0.6255351901054382,0.3615764081478119,0.6355992555618286,0.31510674953460693,0.6657615900039673,0.4488024413585663,0.6511017084121704,0.4218710660934448,0.6798422932624817,0.383882075548172,0.6904395818710327,0.32768183946609497,0.7485164999961853,0.435005247592926,0.7630249261856079,0.49683165550231934,0.783829927444458,0.5519075989723206,0.7908552885055542
0,0.15466223657131195,0.8013995885848999,0.166623055934906,0.6655038595199585,0.21552596986293793,0.5194764137268066,0.2481960952281952,0.4062763750553131,0.22914980351924896,0.32371586561203003,0.27336302399635315,0.5116856098175049,0.4086110591888428,0.5203777551651001,0.3827303946018219,0.5628111362457275,0.3378882110118866,0.5729084014892578,0.2943214476108551,0.5837363600730896,0.4292866289615631,0.5849010348320007,0.39931613206863403,0.6242919564247131,0.36427372694015503,0.6349789500236511,0.3139325678348541,0.6669225096702576,0.4461670219898224,0.6517515778541565,0.4216507077217102,0.6792516708374023,0.385328471660614,0.6903923153877258,0.3259607255458832,0.7499107122421265,0.4353885352611542,0.7633111476898193,0.4983936846256256,0.7833871841430664,0.553566575050354,0.7896627187728882
0,0.15667757391929626,0.8064759969711304,0.16667287051677704,0.6684856414794922,0.2164926826953888,0.5212345123291016,0.24975654482841492,0.4072457551956177,0.23180611431598663,0.32420292496681213,0.27597516775131226,0.5108429193496704,0.4107251465320587,0.5203365683555603,0.3849842846393585,0.5649930834770203,0.339495450258255,0.5759358406066895,0.29857876896858215,0.5827142000198364,0.43221062421798706,0.5841985940933228,0.40115562081336975,0.6253437399864197,0.3647196888923645,0.6369243264198303,0.31940051913261414,0.6668980121612549,0.4507640302181244,0.6512002348899841,0.4243043065071106,0.6804762482643127,0.38651591539382935,0.6918949484825134,0.3316987454891205,0.7514275312423706,0.4390881061553955,0.7648772597312927,0.5017813444137573,0.7856268286705017,0.5571167469024658,0.7924684286117554
0,0.15756100416183472,0.80540931224823,0.16798526048660278,0.6669225692749023,0.2176763266324997,0.5187850594520569,0.2506527304649353,0.40570786595344543,0.23232367634773254,0.3235313594341278,0.27758193016052246,0.5101022124290466,0.4110129475593567,0.5216072201728821,0.38449370861053467,0.5648439526557922,0.3394879102706909,0.5751668810844421,0.29911181330680847,0.5825533866882324,0.43288421630859375,0.5866464972496033,0.4020053446292877,0.6265989542007446,0.366068571805954,0.6375797986984253,0.3190954029560089,0.6668214201927185,0.44877785444259644,0.6542888879776001,0.42281538248062134,0.6817500591278076,0.38569921255111694,0.691993236541748,0.3311024606227875,0.7512232065200806,0.4403090178966522,0.7643693685531616,0.5031145811080933,0.7848601341247559,0.5583181381225586,0.7910732626914978
0,0.1576201170682907,0.8034243583679199,0.16824927926063538,0.6664201617240906,0.2180771827697754,0.5184850692749023,0.25101715326309204,0.40491288900375366,0.23165369033813477,0.3226759433746338,0.27751094102859497,0.5104151964187622,0.41084837913513184,0.5215709805488586,0.3844324052333832,0.5645112991333008,0.3394244313240051,0.5747413039207458,0.2988794445991516,0.5833860039710999,0.43266764283180237,0.5863057374954224,0.40188848972320557,0.6258352398872375,0.3659069538116455,0.6371983289718628,0.31888464093208313,0.6676627397537231,0.4488726258277893,0.6538044214248657,0.42320048809051514,0.68114173412323,0.3863290548324585,0.6921036839485168,0.33091601729393005,0.7517597675323486,0.43979886174201965,0.7643216252326965,0.5025923252105713,0.7846871614456177,0.557786762714386,0.7913255095481873
0,0.1582442969083786,0.8066573739051819,0.16965745389461517,0.66768878698349,0.21860328316688538,0.5203539729118347,0.2515190839767456,0.4064425230026245,0.23144282400608063,0.32450270652770996,0.27576297521591187,0.5106441378593445,0.4110233783721924,0.5199704766273499,0.38601773977279663,0.5627837181091309,0.3407362401485443,0.5723501443862915,0.2977598011493683,0.5835609436035156,0.4326278567314148,0.5843964219093323,0.4032430052757263,0.6246590614318848,0.36793625354766846,0.6351516842842102,0.3187219798564911,0.6678622364997864,0.4512423872947693,0.6497493982315063,0.42778313159942627,0.6774667501449585,0.3913917541503906,0.6884452104568481,0.33172327280044556,0.7515484094619751,0.44115763902664185,0.7635359168052673,0.5039271116256714,0.7855448126792908,0.5580155849456787,0.7934607267379761
0,0.15828193724155426,0.8068571090698242,0.16843095421791077,0.6688308119773865,0.21727357804775238,0.5205140113830566,0.250553697347641,0.40708526968955994,0.2320336401462555,0.3241438865661621,0.2770361602306366,0.5101632475852966,0.41196686029434204,0.5206694006919861,0.3856510519981384,0.5630772113800049,0.34067875146865845,0.5718443393707275,0.29779255390167236,0.5831273198127747,0.4332920014858246,0.5861522555351257,0.4026517868041992,0.6256051063537598,0.3663330376148224,0.6356756091117859,0.3177647888660431,0.6673515439033508,0.4503462314605713,0.6529394388198853,0.42478254437446594,0.6800569295883179,0.38731127977371216,0.690069854259491,0.33050045371055603,0.7516738176345825,0.4412497282028198,0.7633536458015442,0.5046644806861877,0.7838305234909058,0.5601152777671814,0.790343701839447
0,0.1595844179391861,0.8079535365104675,0.17025697231292725,0.6694781184196472,0.21913999319076538,0.5212363004684448,0.2524935305118561,0.40824469923973083,0.23464788496494293,0.3266441226005554,0.27764222025871277,0.5128782987594604,0.4129927158355713,0.521166205406189,0.38768768310546875,0.5634088516235352,0.34301772713661194,0.5729842185974121,0.300119012594223,0.5861866474151611,0.4352293908596039,0.5852645039558411,0.4052084982395172,0.6238998770713806,0.36953204870224,0.6348263025283813,0.3210136592388153,0.6700868606567383,0.453107625246048,0.6521938443183899,0.42783236503601074,0.6791220307350159,0.39069342613220215,0.6903769969940186,0.33378201723098755,0.7534292340278625,0.44279325008392334,0.7649201154708862,0.5064484477043152,0.784517765045166,0.5621219873428345,0.7908648252487183
0,0.1595464050769806,0.8085746765136719,0.17026682198047638,0.6697344183921814,0.2191781997680664,0.5208139419555664,0.2527785301208496,0.40746253728866577,0.23523756861686707,0.32484182715415955,0.27844759821891785,0.5120751857757568,0.41385477781295776,0.521929144859314,0.38882941007614136,0.5636088848114014,0.34391194581985474,0.5734496116638184,0.3002108633518219,0.5852043032646179,0.4364226758480072,0.5860130190849304,0.4064681828022003,0.6244092583656311,0.3699651062488556,0.6355544924736023,0.3206605613231659,0.6694965362548828,0.45274287462234497,0.6530774235725403,0.4274219274520874,0.6796144247055054,0.3898841142654419,0.6905832290649414,0.333082914352417,0.7535000443458557,0.44326961040496826,0.764142632484436,0.5071552991867065,0.7845867872238159,0.5627599954605103,0.791799783706665
0,0.16032399237155914,0.8185328245162964,0.17021149396896362,0.6802620887756348,0.22063694894313812,0.5292134881019592,0.2556874752044678,0.41319164633750916,0.23860839009284973,0.32946112751960754,0.2790701985359192,0.5146855711936951,0.4170238971710205,0.5184429287910461,0.3926096260547638,0.5634605288505554,0.34823518991470337,0.5751761198043823,0.3009514808654785,0.5861611366271973,0.43960267305374146,0.5836093425750732,0.40946418046951294,0.6258511543273926,0.3727014362812042,0.6368733048439026,0.32195159792900085,0.6703373193740845,0.4578770399093628,0.6508186459541321,0.4323151111602783,0.6803192496299744,0.3942573368549347,0.6912530660629272,0.33502301573753357,0.7542290687561035,0.4456501007080078,0.7616279721260071,0.5107598900794983,0.7783823013305664,0.5682045221328735,0.780861496925354
0,0.1584247499704361,0.8190621733665466,0.17042498290538788,0.6788556575775146,0.22212448716163635,0.5277128219604492,0.25728583335876465,0.41145408153533936,0.2368534803390503,0.32931825518608093,0.2790462076663971,0.5147501230239868,0.4178984761238098,0.5192615389823914,0.39303141832351685,0.5617473721504211,0.34938058257102966,0.5731698274612427,0.29998263716697693,0.5858350992202759,0.44161203503608704,0.5847839713096619,0.4124315083026886,0.6246656775474548,0.37629780173301697,0.6352142095565796,0.32076963782310486,0.6693234443664551,0.45626014471054077,0.6536567211151123,0.4317995011806488,0.6804530620574951,0.3945929706096649,0.689906656742096,0.3340303301811218,0.7525436878204346,0.44875362515449524,0.7601680159568787,0.5148622393608093,0.7763155698776245,0.5726566910743713,0.777948260307312
0,0.1575881391763687,0.8197359442710876,0.1702847182750702,0.6781376004219055,0.2221735715866089,0.5274776816368103,0.25736910104751587,0.4114782512187958,0.23747357726097107,0.32966920733451843,0.27988335490226746,0.5147520899772644,0.4171130061149597,0.5200809836387634,0.39237359166145325,0.5620620250701904,0.3482329249382019,0.5736418962478638,0.3009881377220154,0.5863165855407715,0.4405840039253235,0.5855237245559692,0.4115152060985565,0.6249045133590698,0.3754311800003052,0.6345902681350708,0.3217366337776184,0.6700984835624695,0.45563846826553345,0.654557466506958,0.4309406578540802,0.6808865070343018,0.39334774017333984,0.6896304488182068,0.33492979407310486,0.7533539533615112,0.44935572147369385,0.760049045085907,0.5153454542160034,0.7764968872070312,0.5726419687271118,0.7782179713249207
0,0.16067053377628326,0.8274238109588623,0.17088612914085388,0.6872647404670715,0.22408629953861237,0.5402503609657288,0.26199400424957275,0.4275636076927185,0.2453964352607727,0.34540408849716187,0.27136868238449097,0.5171254277229309,0.41186970472335815,0.5067156553268433,0.40249133110046387,0.5451804995536804,0.368441641330719,0.5583015084266663,0.2948203682899475,0.5876111388206482,0.44582122564315796,0.5673075914382935,0.42988985776901245,0.6005422472953796,0.39291900396347046,0.6136109828948975,0.3179694712162018,0.6711075901985168,0.45614147186279297,0.6411293745040894,0.44323569536209106,0.6662998199462891,0.40990954637527466,0.6778245568275452,0.33408936858177185,0.7532804608345032,0.44816452264785767,0.7400190830230713,0.5106901526451111,0.7422657012939453,0.5617985725402832,0.7328016757965088
0,0.1579863280057907,0.8289171457290649,0.1687462329864502,0.6914939880371094,0.221970334649086,0.5412160158157349,0.2605423331260681,0.42708611488342285,0.2462567687034607,0.34234166145324707,0.27241790294647217,0.514719545841217,0.41244763135910034,0.5057134628295898,0.4021660387516022,0.5455402135848999,0.36851418018341064,0.5627602338790894,0.293823778629303,0.584164559841156,0.4437027871608734,0.5700216293334961,0.4259348511695862,0.6061965823173523,0.3902170658111572,0.6206920742988586,0.31647831201553345,0.6674714684486389,0.45675337314605713,0.6450787782669067,0.44064074754714966,0.6720333099365234,0.4062100648880005,0.683639407157898,0.33308395743370056,0.7505293488502502,0.44940727949142456,0.7352368235588074,0.5139069557189941,0.7381359934806824,0.568289577960968,0.7309126853942871
0,0.16446992754936218,0.8322616219520569,0.1707731932401657,0.697814404964447,0.22067232429981232,0.5516754388809204,0.2602805197238922,0.43999654054641724,0.25219568610191345,0.35534942150115967,0.2591683268547058,0.5139390230178833,0.407282292842865,0.47358524799346924,0.41945886611938477,0.51998370885849,0.3978748917579651,0.5458123087882996,0.2830132842063904,0.5781362056732178,0.44510477781295776,0.542188286781311,0.4403742551803589,0.5863849520683289,0.4107649624347687,0.6031683683395386,0.3086484968662262,0.6590152382850647,0.4585155248641968,0.6238278150558472,0.4429287314414978,0.6621016263961792,0.40750622749328613,0.6799778938293457,0.32838839292526245,0.7427853941917419,0.4454376995563507,0.7222923636436462,0.5128949880599976,0.7234892249107361,0.5693923234939575,0.7156540155410767
0,0.15899640321731567,0.8384069204330444,0.17157518863677979,0.7062423229217529,0.22199419140815735,0.5540509223937988,0.2594473659992218,0.43757981061935425,0.24933384358882904,0.3508056104183197,0.26365238428115845,0.5121958255767822,0.41780033707618713,0.47521114349365234,0.4170312285423279,0.5253779888153076,0.3874979019165039,0.5523906350135803,0.2825798988342285,0.5741950273513794,0.44941017031669617,0.5430734157562256,0.43652647733688354,0.5913727879524231,0.4028703570365906,0.6100289821624756,0.30561813712120056,0.6547445058822632,0.46228015422821045,0.6225923299789429,0.44100475311279297,0.6628525257110596,0.40193092823028564,0.6816480755805969,0.3241799771785736,0.7405632734298706,0.44203734397888184,0.7163776159286499,0.5093815922737122,0.7143675684928894,0.5675721764564514,0.7047130465507507
0,0.15891049802303314,0.8382647633552551,0.1718619465827942,0.701283872127533,0.22299019992351532,0.5524691343307495,0.25940483808517456,0.43882012367248535,0.2516549527645111,0.3517931401729584,0.2632039785385132,0.5129083395004272,0.4179995357990265,0.47444432973861694,0.4180625081062317,0.5228508114814758,0.3903167247772217,0.5482960939407349,0.2830599546432495,0.5780308246612549,0.4484879672527313,0.5432876348495483,0.4368738532066345,0.5872002243995667,0.40444594621658325,0.6038313508033752,0.3066485524177551,0.6599682569503784,0.4625190496444702,0.6239756941795349,0.4417979419231415,0.6618516445159912,0.40316200256347656,0.680314302444458,0.32635241746902466,0.7448216080665588,0.4442848265171051,0.7171452641487122,0.5113645792007446,0.7140021920204163,0.5691393613815308,0.7043617367744446
0,0.16312962770462036,0.8335606455802917,0.17691142857074738,0.7067418098449707,0.221177875995636,0.5823229551315308,0.26505371928215027,0.4929450750350952,0.2868415117263794,0.42571812868118286,0.2604195177555084,0.5117620229721069,0.38221728801727295,0.4297361969947815,0.42994970083236694,0.45129358768463135,0.4516494870185852,0.472712904214859,0.278810054063797,0.5628746747970581,0.41636934876441956,0.4743839502334595,0.4613944888114929,0.5033820271492004,0.4795798659324646,0.5288113951683044,0.30029165744781494,0.6365311145782471,0.4364006221294403,0.5931402444839478,0.45615512132644653,0.639970600605011,0.4508596360683441,0.6741754412651062,0.323230117559433,0.7191272974014282,0.4386865496635437,0.6780704259872437,0.5034469366073608,0.663814127445221,0.5533686876296997,0.6468674540519714
0,0.15989917516708374,0.8371405601501465,0.17631681263446808,0.7084296345710754,0.22084972262382507,0.5849027037620544,0.26403337717056274,0.49750372767448425,0.28596633672714233,0.4291321039199829,0.25885266065597534,0.5104949474334717,0.38362395763397217,0.426829993724823,0.44092220067977905,0.43755409121513367,0.47111064195632935,0.4514960050582886,0.27770060300827026,0.561140239238739,0.4187069237232208,0.4734722077846527,0.4672001898288727,0.5013128519058228,0.4881347417831421,0.5245150327682495,0.30080240964889526,0.635671079158783,0.44040030241012573,0.5974766612052917,0.4612922668457031,0.645243227481842,0.45650750398635864,0.6791806221008301,0.3254101574420929,0.7199528217315674,0.4388960897922516,0.6758561730384827,0.5044692754745483,0.6594117283821106,0.5558575987815857,0.6436220407485962
0,0.1645820438861847,0.8293150663375854,0.17789065837860107,0.6906495094299316,0.23842433094978333,0.5944271087646484,0.30298739671707153,0.5659152865409851,0.3673451542854309,0.5746198296546936,0.246660977602005,0.5127090215682983,0.34242141246795654,0.34432005882263184,0.4140200912952423,0.3151884377002716,0.4688980281352997,0.31408455967903137,0.27924346923828125,0.5541889071464539,0.38627904653549194,0.3880886137485504,0.4642542600631714,0.34299057722091675,0.5218095183372498,0.3314409852027893,0.3089927136898041,0.6224080920219421,0.4324226379394531,0.5668990015983582,0.4371024966239929,0.6207088828086853,0.42147064208984375,0.665136992931366,0.3405235707759857,0.7009204626083374,0.436406672000885,0.6434832811355591,0.4955526888370514,0.6217729449272156,0.5381366014480591,0.6018878817558289
0,0.16281123459339142,0.841792106628418,0.17995145916938782,0.6947373151779175,0.24123471975326538,0.5988048911094666,0.3093523383140564,0.5741116404533386,0.37314534187316895,0.5868273973464966,0.24754858016967773,0.5173265337944031,0.34119024872779846,0.352492094039917,0.40779006481170654,0.32979658246040344,0.4577580392360687,0.338628351688385,0.28306466341018677,0.5574942827224731,0.38849619030952454,0.39167195558547974,0.46436482667922974,0.34319597482681274,0.5192815661430359,0.33535200357437134,0.3140611946582794,0.6221747398376465,0.43079882860183716,0.5589320659637451,0.43199431896209717,0.6079146265983582,0.41339820623397827,0.6536880731582642,0.34653428196907043,0.6992747187614441,0.4429123103618622,0.6363924145698547,0.4997842311859131,0.6149647235870361,0.5387047529220581,0.5997114777565002
0,0.17803707718849182,0.8376288414001465,0.18033818900585175,0.6954533457756042,0.22820810973644257,0.5932506322860718,0.2869721055030823,0.5542263984680176,0.34594887495040894,0.5569722652435303,0.230717271566391,0.5150349140167236,0.3051471412181854,0.33288002014160156,0.372498482465744,0.32846683263778687,0.41405928134918213,0.3601341247558594,0.27854645252227783,0.5454453825950623,0.37777960300445557,0.3847096562385559,0.44895100593566895,0.36554205417633057,0.49000272154808044,0.38244372606277466,0.3177080750465393,0.6007461547851562,0.4245464503765106,0.5521800518035889,0.4215750992298126,0.6029477119445801,0.397188276052475,0.6471983790397644,0.3556259870529175,0.665272057056427,0.452661395072937,0.6069523096084595,0.5044198036193848,0.5873200297355652,0.532258927822113,0.5722127556800842
0,0.181712806224823,0.8255901336669922,0.18392737209796906,0.6867981553077698,0.2269441932439804,0.5867021083831787,0.2840471863746643,0.5471312999725342,0.34203800559043884,0.5503596067428589,0.23160356283187866,0.5139721632003784,0.30056965351104736,0.3462567627429962,0.3654818534851074,0.31939324736595154,0.4092909097671509,0.3249295949935913,0.27532026171684265,0.5445675253868103,0.3742099404335022,0.3876754939556122,0.44754156470298767,0.3551017940044403,0.4936915636062622,0.3599300980567932,0.3128165304660797,0.5990110635757446,0.4177040159702301,0.5468760132789612,0.4207698404788971,0.5929601192474365,0.40224435925483704,0.6355511546134949,0.34945282340049744,0.6650076508522034,0.4386088252067566,0.6042529940605164,0.48805302381515503,0.576661229133606,0.5170118808746338,0.5551694631576538
0,0.1807548552751541,0.8217974305152893,0.1825859248638153,0.6858662962913513,0.22851961851119995,0.5843972563743591,0.2860069274902344,0.5479049682617188,0.34365707635879517,0.5529597401618958,0.2328491359949112,0.515887439250946,0.298127681016922,0.34450066089630127,0.3559226989746094,0.3122352361679077,0.39365455508232117,0.31307780742645264,0.2746392488479614,0.5466499328613281,0.3731173872947693,0.3884595036506653,0.4401758313179016,0.3553085923194885,0.48210248351097107,0.35713186860084534,0.31010669469833374,0.6024474501609802,0.4173506498336792,0.5436020493507385,0.41967400908470154,0.5925483107566833,0.40224379301071167,0.6359065175056458,0.34600239992141724,0.6707265377044678,0.4349142909049988,0.6070035099983215,0.4876674711704254,0.5769498944282532,0.5216588377952576,0.551364004611969
0,0.18580053746700287,0.8509771823883057,0.17807196080684662,0.7133992314338684,0.21947363018989563,0.591827392578125,0.2798941731452942,0.5282602906227112,0.34532058238983154,0.5224069952964783,0.20690807700157166,0.5188075304031372,0.23888757824897766,0.36113375425338745,0.25665655732154846,0.26996171474456787,0.27101439237594604,0.19243311882019043,0.24243859946727753,0.5429542064666748,0.3577965199947357,0.4235656261444092,0.36425575613975525,0.4944160282611847,0.34378287196159363,0.5414285063743591,0.2855842709541321,0.5925338864326477,0.39592206478118896,0.4981847107410431,0.3966730237007141,0.5650073885917664,0.3752443790435791,0.6064833998680115,0.3265969455242157,0.6503891348838806,0.41831016540527344,0.5704706311225891,0.47468647360801697,0.5378290414810181,0.5152320265769958,0.4984716475009918
0,0.18436145782470703,0.8429347276687622,0.18062874674797058,0.701916515827179,0.22014139592647552,0.5757303237915039,0.27894213795661926,0.5102022290229797,0.33980605006217957,0.49468880891799927,0.20756053924560547,0.5110666751861572,0.23934447765350342,0.3572644591331482,0.2576872706413269,0.2694321274757385,0.27043989300727844,0.1959403157234192,0.24008679389953613,0.539461612701416,0.357505738735199,0.4194236397743225,0.3673013746738434,0.4895385205745697,0.3460546135902405,0.5395302176475525,0.28298816084861755,0.5898097157478333,0.3950398564338684,0.5048064589500427,0.3974746763706207,0.5684092044830322,0.37512749433517456,0.607462465763092,0.3275949954986572,0.649588942527771,0.4141272008419037,0.5663120150566101,0.4682345390319824,0.5339648723602295,0.5065577626228333,0.49851661920547485
0,0.1907000094652176,0.8488646149635315,0.17461848258972168,0.7096967697143555,0.19960366189479828,0.5919625163078308,0.25495049357414246,0.5266091823577881,0.31369030475616455,0.5190256237983704,0.18822996318340302,0.5167118906974792,0.2231246531009674,0.358186811208725,0.2534273862838745,0.27097150683403015,0.2795010805130005,0.20978090167045593,0.22321438789367676,0.5413830280303955,0.34220024943351746,0.44829317927360535,0.34753572940826416,0.522510826587677,0.32636308670043945,0.560820460319519,0.27123749256134033,0.584298312664032,0.3811257481575012,0.5036029815673828,0.3785031735897064,0.5664844512939453,0.3542693853378296,0.6037123799324036,0.3193574547767639,0.6362388134002686,0.3958817422389984,0.5503053665161133,0.4446946382522583,0.5128060579299927,0.48258835077285767,0.4739958643913269
0,0.18990035355091095,0.8488200902938843,0.17400121688842773,0.7085345983505249,0.19517439603805542,0.5915544033050537,0.24760165810585022,0.5300636887550354,0.306333065032959,0.5208343863487244,0.1832897663116455,0.5183427333831787,0.22520817816257477,0.3595038056373596,0.256303608417511,0.2718174457550049,0.284098744392395,0.20785871148109436,0.22003041207790375,0.5422046184539795,0.34222671389579773,0.44589048624038696,0.351596474647522,0.5205762982368469,0.3327694535255432,0.5662491321563721,0.2689670920372009,0.5848315358161926,0.37759050726890564,0.5118001103401184,0.3769816756248474,0.5736684799194336,0.35306936502456665,0.6126331090927124,0.32004275918006897,0.6361117959022522,0.399325966835022,0.5458003878593445,0.4468933641910553,0.5110260248184204,0.4804624021053314,0.477027028799057
0,0.18931126594543457,0.8495591878890991,0.1742091178894043,0.7100490927696228,0.1963537037372589,0.5923599004745483,0.2501835227012634,0.5311369895935059,0.30950266122817993,0.5217118263244629,0.18330919742584229,0.5187010765075684,0.22523552179336548,0.3593794107437134,0.25544342398643494,0.27154606580734253,0.28253066539764404,0.20649567246437073,0.21981953084468842,0.5422465205192566,0.3413303792476654,0.44593796133995056,0.3506605327129364,0.5203835368156433,0.33222711086273193,0.5662755966186523,0.2688252329826355,0.5846273899078369,0.37726134061813354,0.5112099051475525,0.37595710158348083,0.5737929940223694,0.3516277074813843,0.6133753061294556,0.3199020326137543,0.6357201337814331,0.3984803855419159,0.5458439588546753,0.4460028409957886,0.5105262398719788,0.47975775599479675,0.4763088822364807
0,0.19408942759037018,0.8596964478492737,0.1754625290632248,0.7228605151176453,0.19680917263031006,0.6036016941070557,0.2549316883087158,0.544327974319458,0.31522342562675476,0.5427193641662598,0.18378829956054688,0.5278165340423584,0.22722233831882477,0.37076428532600403,0.2472333163022995,0.2789350748062134,0.26289045810699463,0.20299914479255676,0.22336319088935852,0.5466108918190002,0.34220531582832336,0.4605995714664459,0.3461459279060364,0.5365564227104187,0.3222002387046814,0.5777646899223328,0.27430322766304016,0.5870360136032104,0.3789643943309784,0.5195257067680359,0.3758929967880249,0.5858403444290161,0.3507818579673767,0.6206378936767578,0.32777419686317444,0.6348469853401184,0.40900754928588867,0.538382351398468,0.4606829285621643,0.49925029277801514,0.4988343119621277,0.4589424133300781
0,0.19009512662887573,0.8620150089263916,0.17469242215156555,0.72076416015625,0.19847916066646576,0.598583996295929,0.2579934000968933,0.5399977564811707,0.32014334201812744,0.5369227528572083,0.18568024039268494,0.5269963145256042,0.2270120233297348,0.3718378245830536,0.24657274782657623,0.28154921531677246,0.26080453395843506,0.20628735423088074,0.2238253504037857,0.5475909113883972,0.34165695309638977,0.4618734121322632,0.3447789251804352,0.5357300043106079,0.3177775740623474,0.5769814848899841,0.27335673570632935,0.5886210799217224,0.37694060802459717,0.5167064666748047,0.37432166934013367,0.5817857384681702,0.34753668308258057,0.6169766187667847,0.32604947686195374,0.6382646560668945,0.40566977858543396,0.5412054061889648,0.45711421966552734,0.5009794235229492,0.4951586127281189,0.4596754014492035
0,0.1890939176082611,0.8782224655151367,0.17662304639816284,0.7371374368667603,0.20245468616485596,0.620120108127594,0.2613704800605774,0.5692717432975769,0.3204341232776642,0.5756008625030518,0.19265428185462952,0.534108579158783,0.23572108149528503,0.38102075457572937,0.2529109716415405,0.288790762424469,0.26462608575820923,0.21306100487709045,0.23177340626716614,0.5497013926506042,0.3505702614784241,0.4814428389072418,0.35237738490104675,0.5583407878875732,0.3246525228023529,0.5948092341423035,0.28141072392463684,0.5913993120193481,0.38443100452423096,0.5346258878707886,0.38089287281036377,0.6040824055671692,0.3541559875011444,0.6345365047454834,0.3340141773223877,0.6438383460044861,0.4123004078865051,0.5419198274612427,0.4627920389175415,0.498212069272995,0.5004255771636963,0.4525502324104309
0,0.18956680595874786,0.8783854246139526,0.1775149405002594,0.7358138561248779,0.20235544443130493,0.6155695915222168,0.25957292318344116,0.5602787733078003,0.3175194263458252,0.5591663122177124,0.1926850974559784,0.5309385061264038,0.23469102382659912,0.380219042301178,0.25230276584625244,0.2890329957008362,0.2645726203918457,0.21398934721946716,0.22845172882080078,0.547947347164154,0.3541792035102844,0.47997957468032837,0.3578571081161499,0.5563117265701294,0.33041954040527344,0.5941380262374878,0.2765277922153473,0.5907576084136963,0.38606464862823486,0.5334393978118896,0.38306596875190735,0.6040055751800537,0.3558746576309204,0.6349470019340515,0.3294098675251007,0.6456009149551392,0.4105392396450043,0.5436277985572815,0.4598528742790222,0.49707669019699097,0.49711066484451294,0.44755250215530396
0,0.19772791862487793,0.8855279088020325,0.18575787544250488,0.7439651489257812,0.21110406517982483,0.6282386183738708,0.2663951814174652,0.5757259726524353,0.3236389756202698,0.5762642621994019,0.2010972499847412,0.5354757905006409,0.24515073001384735,0.3914739489555359,0.25944656133651733,0.30200862884521484,0.2685528099536896,0.22678816318511963,0.23687885701656342,0.5504596829414368,0.3564998209476471,0.4953754246234894,0.35844993591308594,0.5698228478431702,0.3318597376346588,0.6041728854179382,0.28439629077911377,0.592267632484436,0.38956063985824585,0.5457854270935059,0.3857850134372711,0.6173210144042969,0.3595258891582489,0.6454739570617676,0.3367106020450592,0.6444993019104004,0.41302546858787537,0.541321337223053,0.4592132568359375,0.4901309013366699,0.49387603998184204,0.4358794093132019
0,0.1983185112476349,0.8833731412887573,0.18484030663967133,0.7436394095420837,0.20915217697620392,0.6251139044761658,0.2641088664531708,0.5695893168449402,0.3200208246707916,0.5660212635993958,0.2015632688999176,0.5350148677825928,0.24585166573524475,0.3922935426235199,0.26062071323394775,0.3046158254146576,0.2691551446914673,0.23123815655708313,0.2362569123506546,0.5499320030212402,0.35573843121528625,0.49164819717407227,0.35800090432167053,0.563837468624115,0.33147215843200684,0.5986858010292053,0.2833781838417053,0.5912906527519226,0.3887394964694977,0.5414509177207947,0.3837205171585083,0.6103001832962036,0.35639747977256775,0.638762891292572,0.33540600538253784,0.6445781588554382,0.41314882040023804,0.5418001413345337,0.45946723222732544,0.4909634590148926,0.49462389945983887,0.43715542554855347
0,0.19758567214012146,0.8831264972686768,0.18522608280181885,0.7429850697517395,0.21046894788742065,0.623937726020813,0.2663828134536743,0.5692396759986877,0.3229200839996338,0.5673351883888245,0.20153243839740753,0.5347374677658081,0.245225191116333,0.39136767387390137,0.2603606581687927,0.30355578660964966,0.26944500207901,0.22995975613594055,0.23635625839233398,0.550167977809906,0.3564673662185669,0.49103620648384094,0.35861754417419434,0.5641161203384399,0.3315228223800659,0.5993475317955017,0.2835417091846466,0.5919219255447388,0.38936537504196167,0.5415096879005432,0.38449615240097046,0.6106710433959961,0.3567310869693756,0.6394156813621521,0.3357497453689575,0.6453428268432617,0.4132774770259857,0.5424054861068726,0.4595562815666199,0.49108439683914185,0.4945378303527832,0.43686893582344055
0,0.20136374235153198,0.8966293334960938,0.19295580685138702,0.7541791796684265,0.2237582951784134,0.6332904100418091,0.28384652733802795,0.585270881652832,0.34636110067367554,0.591901421546936,0.21361152827739716,0.5412691235542297,0.25780758261680603,0.40285569429397583,0.2724471092224121,0.31492090225219727,0.28119054436683655,0.24224627017974854,0.25081759691238403,0.5544285774230957,0.3639940023422241,0.503833532333374,0.365339457988739,0.5766507983207703,0.3386710286140442,0.6120517253875732,0.29922178387641907,0.5944668650627136,0.3985682427883148,0.5477439761161804,0.39558959007263184,0.6194115877151489,0.37032705545425415,0.6494060754776001,0.35145941376686096,0.6464243531227112,0.4237038195133209,0.5435971021652222,0.467312216758728,0.4897339940071106,0.4992530345916748,0.4335407018661499
0,0.20639418065547943,0.8990020155906677,0.19356684386730194,0.7518318891525269,0.2212025672197342,0.6342286467552185,0.27629220485687256,0.5813121199607849,0.3334476947784424,0.5800735950469971,0.21532362699508667,0.545663595199585,0.2543906271457672,0.40966880321502686,0.26885414123535156,0.3218533992767334,0.278222918510437,0.2489100992679596,0.2506783604621887,0.5573859810829163,0.3622288107872009,0.4990921914577484,0.36615225672721863,0.5670418739318848,0.34201735258102417,0.6043227910995483,0.29824894666671753,0.5961155891418457,0.39484530687332153,0.5431362390518188,0.39237532019615173,0.6099218130111694,0.36910414695739746,0.6390408277511597,0.3505855202674866,0.6489286422729492,0.42402851581573486,0.5438274145126343,0.4671079218387604,0.4936283230781555,0.4987425208091736,0.4399832487106323
0,0.22059416770935059,0.9026875495910645,0.20563751459121704,0.7590022087097168,0.23299670219421387,0.6376233100891113,0.28842297196388245,0.5834508538246155,0.34656429290771484,0.5827109217643738,0.2283676117658615,0.5525639057159424,0.26930609345436096,0.41618359088897705,0.2838634252548218,0.3292776346206665,0.29335078597068787,0.25867316126823425,0.26548147201538086,0.5654928088188171,0.3743296265602112,0.5166527032852173,0.37661686539649963,0.5826274752616882,0.3522776961326599,0.617402195930481,0.31389883160591125,0.6037408113479614,0.4073406159877777,0.5603007674217224,0.4059396982192993,0.627481997013092,0.3840252161026001,0.6565417051315308,0.36653417348861694,0.6533488035202026,0.4346291720867157,0.5494139194488525,0.4755479693412781,0.49511492252349854,0.5061507225036621,0.4400993585586548
0,0.22151365876197815,0.9072532057762146,0.20644207298755646,0.7588047385215759,0.23403437435626984,0.642584502696991,0.28808000683784485,0.5897219777107239,0.3431991636753082,0.5878446698188782,0.22896549105644226,0.5573848485946655,0.2680754065513611,0.4239197373390198,0.2827359735965729,0.3365511894226074,0.29236602783203125,0.26520782709121704,0.26524966955184937,0.5670455694198608,0.3705275058746338,0.5129159092903137,0.3744083046913147,0.5764235258102417,0.35147625207901,0.6134541630744934,0.3136149048805237,0.6040087938308716,0.4032607078552246,0.552902340888977,0.401917040348053,0.6167283654212952,0.3805505633354187,0.6448425054550171,0.36654603481292725,0.6547666788101196,0.43424442410469055,0.5478029251098633,0.47434309124946594,0.4954304099082947,0.5033141374588013,0.4406950771808624
0,0.2201608121395111,0.9047849178314209,0.20616477727890015,0.756767988204956,0.23441649973392487,0.6393813490867615,0.2899421751499176,0.5868912935256958,0.34598714113235474,0.5845363140106201,0.2292281836271286,0.5549078583717346,0.2685360014438629,0.4224182069301605,0.2833864688873291,0.33521318435668945,0.2928924262523651,0.2632286548614502,0.2660835087299347,0.5651322603225708,0.3699743449687958,0.5174598693847656,0.3744584023952484,0.5814616680145264,0.3520595133304596,0.6176362037658691,0.3147102892398834,0.6027984619140625,0.4028390645980835,0.5561296343803406,0.4011853039264679,0.6196735501289368,0.37911853194236755,0.6467728018760681,0.36774513125419617,0.6539619565010071,0.43464207649230957,0.5483943819999695,0.47522735595703125,0.4961538314819336,0.5048437118530273,0.4416709840297699
0,0.23626261949539185,0.917791485786438,0.217657208442688,0.7755051255226135,0.23770400881767273,0.6570839285850525,0.29027029871940613,0.5986449122428894,0.3429182469844818,0.5916347503662109,0.23388388752937317,0.5684095621109009,0.27426278591156006,0.43075042963027954,0.2896553575992584,0.34566766023635864,0.3000102639198303,0.27669140696525574,0.27113452553749084,0.5783930420875549,0.3746767044067383,0.5245152711868286,0.3770359456539154,0.5900648832321167,0.3544922173023224,0.6243796348571777,0.31995290517807007,0.6158047318458557,0.4084071218967438,0.5684370398521423,0.40623942017555237,0.6321074962615967,0.3846787214279175,0.6582226753234863,0.3729480504989624,0.6659073233604431,0.43772849440574646,0.555022120475769,0.4769120216369629,0.4988580346107483,0.505873441696167,0.4407427906990051
0,0.2359067052602768,0.9163064956665039,0.21840238571166992,0.7709351181983948,0.23930104076862335,0.6544760465621948,0.2917537987232208,0.5982273817062378,0.3429550230503082,0.5915292501449585,0.23355883359909058,0.5682089924812317,0.2765219211578369,0.4338719844818115,0.2894289791584015,0.348567932844162,0.29705047607421875,0.2783769369125366,0.26947200298309326,0.5792363882064819,0.37536898255348206,0.5261514782905579,0.3785265386104584,0.5899909138679504,0.3560329079627991,0.6238033771514893,0.31795334815979004,0.6177000403404236,0.40779244899749756,0.5680559873580933,0.4060501158237457,0.6315335631370544,0.38423213362693787,0.6582092642784119,0.37135884165763855,0.6685807704925537,0.4363977313041687,0.5558480024337769,0.47531670331954956,0.49880141019821167,0.5039817094802856,0.4397967755794525
0,0.23620390892028809,0.9163992404937744,0.21855571866035461,0.7714360356330872,0.23913025856018066,0.6544521450996399,0.29183512926101685,0.5974603295326233,0.34327441453933716,0.5904451012611389,0.23332606256008148,0.5678374171257019,0.27636733651161194,0.43327796459198,0.2899319529533386,0.348015159368515,0.2978389859199524,0.27831554412841797,0.2697417140007019,0.5785871148109436,0.3753909468650818,0.5264497995376587,0.37874239683151245,0.5898624658584595,0.3559657633304596,0.6230946183204651,0.31832951307296753,0.6169818043708801,0.4073687195777893,0.5677906274795532,0.4053412675857544,0.6300990581512451,0.3830147087574005,0.6558046340942383,0.3717959225177765,0.6682276725769043,0.4369679391384125,0.5555148124694824,0.4762532711029053,0.49875614047050476,0.5050369501113892,0.4402083158493042
0,0.24545502662658691,0.9386990070343018,0.21840347349643707,0.7966336011886597,0.2348736971616745,0.6783336400985718,0.28393426537513733,0.618495762348175,0.33703121542930603,0.6086624264717102,0.2274450659751892,0.5911470055580139,0.26906171441078186,0.4575144350528717,0.281351238489151,0.37511831521987915,0.2889448404312134,0.3067522943019867,0.26490601897239685,0.5961703658103943,0.36447080969810486,0.5306876301765442,0.371036171913147,0.595559298992157,0.3525511622428894,0.6327365040779114,0.3157278001308441,0.626837968826294,0.4036429226398468,0.5688790082931519,0.4058340787887573,0.633803129196167,0.38707610964775085,0.6639235615730286,0.3702598214149475,0.6710348725318909,0.43062931299209595,0.5556504130363464,0.4655446708202362,0.49734318256378174,0.4884296953678131,0.437918096780777
0,0.24279627203941345,0.9334112405776978,0.21836106479167938,0.7885944247245789,0.23606018722057343,0.6683992743492126,0.2869808077812195,0.6078007817268372,0.3396720588207245,0.5981336236000061,0.22816070914268494,0.5844646096229553,0.27084067463874817,0.45514976978302,0.2835432291030884,0.3741395175457001,0.290191113948822,0.3070913553237915,0.2668378949165344,0.5911715030670166,0.36656197905540466,0.5334290862083435,0.37280622124671936,0.5978825092315674,0.35327351093292236,0.6340371966362,0.31715261936187744,0.6241267323493958,0.4008965492248535,0.5696538686752319,0.40119022130966187,0.6337946057319641,0.3805767297744751,0.6626315116882324,0.37186887860298157,0.6716806292533875,0.42972758412361145,0.5578455924987793,0.4651302695274353,0.498910129070282,0.48944559693336487,0.4379579722881317
0,0.25779691338539124,0.9471145868301392,0.22077837586402893,0.8168829679489136,0.22689375281333923,0.7008779644966125,0.2685564160346985,0.6382361650466919,0.31954729557037354,0.6250325441360474,0.213051438331604,0.6149920225143433,0.24038924276828766,0.4805261492729187,0.24760639667510986,0.398499995470047,0.24952197074890137,0.3314054310321808,0.25067877769470215,0.6155679225921631,0.3419657349586487,0.5471757054328918,0.35437846183776855,0.6094530820846558,0.33994656801223755,0.646622896194458,0.3035418689250946,0.6394388675689697,0.38628408312797546,0.5816630125045776,0.3935476243495941,0.6469095945358276,0.378287672996521,0.6781915426254272,0.3603457808494568,0.674028217792511,0.40726372599601746,0.554214358329773,0.435139536857605,0.48805391788482666,0.4529294967651367,0.42288723587989807
0,0.2522062361240387,0.9439892172813416,0.2162730097770691,0.8147513270378113,0.22629126906394958,0.6949862837791443,0.2731356620788574,0.6317762732505798,0.3243367075920105,0.6181318759918213,0.2121858149766922,0.6094182133674622,0.23898223042488098,0.48107361793518066,0.24512256681919098,0.40171781182289124,0.2474277913570404,0.337265282869339,0.2517324686050415,0.610145092010498,0.34485891461372375,0.5483860373497009,0.35447242856025696,0.6102585792541504,0.3375670313835144,0.645810604095459,0.30442285537719727,0.6342999339103699,0.3840808570384979,0.5793294906616211,0.3874538540840149,0.6412707567214966,0.3682299852371216,0.6709647178649902,0.3604162335395813,0.6703814268112183,0.40723493695259094,0.5579525828361511,0.43627437949180603,0.49246662855148315,0.455333948135376,0.4266137480735779
0,0.2712962031364441,0.9591884613037109,0.2242361605167389,0.8382638692855835,0.21866817772388458,0.7254794836044312,0.25295883417129517,0.6545169353485107,0.2996706962585449,0.6302136778831482,0.1988317370414734,0.6425057649612427,0.20811915397644043,0.505961537361145,0.2078266143798828,0.42428213357925415,0.20503726601600647,0.359009712934494,0.23544234037399292,0.6380797624588013,0.31795498728752136,0.5553600788116455,0.3341565430164337,0.6198174953460693,0.3226053714752197,0.6590456366539001,0.28839001059532166,0.6554575562477112,0.36293673515319824,0.5824642181396484,0.37560755014419556,0.6466222405433655,0.3639453053474426,0.680670976638794,0.34521788358688354,0.6834112405776978,0.3786430060863495,0.5532808303833008,0.4006417989730835,0.4854007661342621,0.4135684370994568,0.4190269708633423
0,0.2700860798358917,0.9535279870033264,0.22116458415985107,0.8347129821777344,0.21570226550102234,0.7184877395629883,0.2518237829208374,0.6481276750564575,0.2969282567501068,0.6248779892921448,0.1948881596326828,0.6388164758682251,0.20826175808906555,0.5038118362426758,0.20798064768314362,0.42386916279792786,0.20558521151542664,0.3600911498069763,0.23271742463111877,0.6346476078033447,0.3152328431606293,0.5539529919624329,0.3302454650402069,0.6149014830589294,0.31715837121009827,0.6542051434516907,0.2864750027656555,0.6517247557640076,0.357960969209671,0.5769234895706177,0.36750227212905884,0.6387678980827332,0.3521706163883209,0.673340916633606,0.3448220491409302,0.6813274025917053,0.3796232342720032,0.5575635433197021,0.40350109338760376,0.48999589681625366,0.41769078373908997,0.42397284507751465
0,0.27131757140159607,0.954504668712616,0.22193944454193115,0.8367166519165039,0.21547462046146393,0.7208327054977417,0.25174346566200256,0.6496090888977051,0.29741430282592773,0.6257482171058655,0.19482064247131348,0.6400171518325806,0.20758843421936035,0.5048981308937073,0.20716482400894165,0.4249447286128998,0.20500734448432922,0.3612683117389679,0.23265130817890167,0.634571373462677,0.31651875376701355,0.5561844110488892,0.33123576641082764,0.6177461743354797,0.3179108202457428,0.6562904119491577,0.2864883542060852,0.6514211893081665,0.3593935966491699,0.5800384879112244,0.36847537755966187,0.6425643563270569,0.3526328504085541,0.6765347123146057,0.3447481095790863,0.6808988451957703,0.3806004524230957,0.5560469627380371,0.4048008918762207,0.48769378662109375,0.41905635595321655,0.4206583797931671
0,0.29083970189094543,0.9633625745773315,0.23462992906570435,0.8568461537361145,0.22020596265792847,0.7491700649261475,0.2506640553474426,0.6754782795906067,0.29327523708343506,0.6443765163421631,0.1935550570487976,0.6655665040016174,0.20145508646965027,0.5255657434463501,0.19694364070892334,0.4424450397491455,0.1915062814950943,0.37797021865844727,0.23048646748065948,0.6600983738899231,0.30821868777275085,0.568332850933075,0.3274206519126892,0.6297553777694702,0.31855955719947815,0.6671649217605591,0.28470152616500854,0.6709124445915222,0.35518500208854675,0.5853617787361145,0.3671923577785492,0.6473115086555481,0.35451892018318176,0.6820027232170105,0.3425455391407013,0.6886179447174072,0.36833304166793823,0.5581175684928894,0.3855941891670227,0.48820561170578003,0.3941773772239685,0.41799280047416687
0,0.28708216547966003,0.9619262218475342,0.2340109646320343,0.8536117076873779,0.21943795680999756,0.7459321022033691,0.2478199303150177,0.6717337369918823,0.2833603322505951,0.6396307945251465,0.192256897687912,0.6612755656242371,0.20208999514579773,0.5243054628372192,0.19701164960861206,0.4445239305496216,0.1901663839817047,0.38220134377479553,0.2301454246044159,0.6569142937660217,0.3097756803035736,0.5775221586227417,0.3274182975292206,0.6395443081855774,0.31612786650657654,0.6756969690322876,0.2845272719860077,0.6694706082344055,0.35232916474342346,0.591352105140686,0.36303097009658813,0.6537969708442688,0.34877005219459534,0.6882861852645874,0.3436107039451599,0.6892062425613403,0.37082695960998535,0.5598684549331665,0.3898780643939972,0.490872323513031,0.4000290632247925,0.42189884185791016
0,0.29976093769073486,0.9614323377609253,0.24134840071201324,0.8623737096786499,0.22293412685394287,0.7608510255813599,0.24923235177993774,0.6875221729278564,0.28598591685295105,0.6552696228027344,0.1965598165988922,0.6768602132797241,0.20576247572898865,0.5388603210449219,0.20177680253982544,0.459850013256073,0.19574032723903656,0.3993522822856903,0.2364354133605957,0.6714096069335938,0.313863068819046,0.5868542790412903,0.33334633708000183,0.6487327814102173,0.32329750061035156,0.6859118342399597,0.2920975685119629,0.6805630922317505,0.35811740159988403,0.6017537713050842,0.37140023708343506,0.6654114723205566,0.3596746325492859,0.699840784072876,0.3508428931236267,0.6946360468864441,0.37196508049964905,0.5655902624130249,0.3881015181541443,0.496576189994812,0.3963967263698578,0.42893311381340027
0,0.29814833402633667,0.9609490633010864,0.2392427921295166,0.8602449893951416,0.220900297164917,0.7568204402923584,0.2468300461769104,0.6821380853652954,0.27934879064559937,0.6478637456893921,0.19456009566783905,0.6730132102966309,0.20518121123313904,0.5380176305770874,0.20121830701828003,0.45956045389175415,0.19435495138168335,0.39905717968940735,0.23408429324626923,0.6680596470832825,0.3137311637401581,0.5907959938049316,0.33263689279556274,0.6517653465270996,0.3216772973537445,0.6876461505889893,0.2895568311214447,0.6791611313819885,0.35745441913604736,0.6047248840332031,0.3700723648071289,0.6663532853126526,0.35657382011413574,0.6998159885406494,0.3490161895751953,0.6964955925941467,0.37213462591171265,0.5682666301727295,0.3889794647693634,0.49863484501838684,0.3974967300891876,0.4297182261943817
0,0.29776304960250854,0.9598194360733032,0.2395600527524948,0.8594225645065308,0.22145915031433105,0.7567150592803955,0.24741286039352417,0.682531476020813,0.2807551920413971,0.6485141515731812,0.19507184624671936,0.6724918484687805,0.20463323593139648,0.5377392172813416,0.20103463530540466,0.4593745470046997,0.19482848048210144,0.399019330739975,0.23464539647102356,0.667974054813385,0.31444504857063293,0.589762270450592,0.3335636258125305,0.6511339545249939,0.32255837321281433,0.687559187412262,0.2900262475013733,0.6795796155929565,0.3579564094543457,0.6046374440193176,0.3710133731365204,0.6664043664932251,0.3576904237270355,0.6999459266662598,0.3492349088191986,0.6969923377037048,0.3714863657951355,0.568872332572937,0.3882867097854614,0.49901899695396423,0.3969937562942505,0.4299813210964203
0,0.3037244379520416,0.9730231761932373,0.24759352207183838,0.8724656105041504,0.22992545366287231,0.7724456191062927,0.25404417514801025,0.6988515853881836,0.2823334336280823,0.6610212326049805,0.2002364695072174,0.6832132339477539,0.20771826803684235,0.5491143465042114,0.20484909415245056,0.4694688320159912,0.199429452419281,0.4087925851345062,0.24139805138111115,0.6820568442344666,0.3163747191429138,0.5959731340408325,0.3390054404735565,0.6657721996307373,0.32869237661361694,0.7030715942382812,0.2978137135505676,0.6943036913871765,0.3643094301223755,0.6160913109779358,0.37786757946014404,0.6863159537315369,0.36434823274612427,0.7237833142280579,0.3562053442001343,0.7071369886398315,0.3741689622402191,0.5776462554931641,0.39039698243141174,0.5071605443954468,0.400718092918396,0.43687182664871216
0,0.30248281359672546,0.9734176397323608,0.24421073496341705,0.8730939626693726,0.2256631851196289,0.771870493888855,0.25106292963027954,0.696646511554718,0.28052064776420593,0.6592021584510803,0.19830983877182007,0.6813727617263794,0.20870044827461243,0.5475246906280518,0.204499751329422,0.46857932209968567,0.19710823893547058,0.40840038657188416,0.23945339024066925,0.6796599626541138,0.31662729382514954,0.5994694232940674,0.33738404512405396,0.665619969367981,0.32676389813423157,0.7003806829452515,0.2956992983818054,0.6925318837165833,0.36302921175956726,0.6143677830696106,0.3756104111671448,0.677823007106781,0.3622252941131592,0.7125700116157532,0.3545131981372833,0.7082054615020752,0.3750557601451874,0.5788811445236206,0.3915209472179413,0.5084664225578308,0.40056511759757996,0.43752622604370117
0,0.30508074164390564,0.9804801940917969,0.25044506788253784,0.8778022527694702,0.23236848413944244,0.7802652716636658,0.2558589279651642,0.7119905948638916,0.2779342830181122,0.6705632209777832,0.1986057609319687,0.6912921667098999,0.20731788873672485,0.5587729215621948,0.2022566944360733,0.47816938161849976,0.1929791420698166,0.41735976934432983,0.23946687579154968,0.6910738348960876,0.3092074394226074,0.6060389876365662,0.332932710647583,0.6797353625297546,0.3226206302642822,0.7128958106040955,0.2965814769268036,0.7005888223648071,0.3605794906616211,0.6245403289794922,0.37067705392837524,0.6965512037277222,0.35385018587112427,0.7350445985794067,0.3543053865432739,0.7069048285484314,0.37357306480407715,0.5836860537528992,0.3893187642097473,0.515164852142334,0.3977622091770172,0.4446725845336914
0,0.30134618282318115,0.9820382595062256,0.24365940690040588,0.8841368556022644,0.2238597571849823,0.7826499342918396,0.25000524520874023,0.7094274163246155,0.2784138321876526,0.6728629469871521,0.1952337622642517,0.6919715404510498,0.2053842842578888,0.5573166012763977,0.2007901519536972,0.47654086351394653,0.19196757674217224,0.4154427647590637,0.2360783815383911,0.6894532442092896,0.3139614462852478,0.6097149848937988,0.3350423276424408,0.6759435534477234,0.32362619042396545,0.710092306137085,0.29243823885917664,0.7007438540458679,0.361090749502182,0.6245162487030029,0.372855544090271,0.6896486878395081,0.35834479331970215,0.7251077890396118,0.350954532623291,0.7140177488327026,0.3735343813896179,0.5870696902275085,0.39035022258758545,0.518224835395813,0.39907407760620117,0.44683608412742615
0,0.2895662486553192,0.9838097095489502,0.23123332858085632,0.8830125331878662,0.21025247871875763,0.7752015590667725,0.2375277429819107,0.6997150182723999,0.2731549143791199,0.6667296290397644,0.1873292624950409,0.6957208514213562,0.19474950432777405,0.5559700727462769,0.1896442174911499,0.47351783514022827,0.1816537082195282,0.40921905636787415,0.22555185854434967,0.6922979950904846,0.3030451536178589,0.6018034815788269,0.3212069272994995,0.6613738536834717,0.3088687062263489,0.6998794674873352,0.2805714011192322,0.7035996317863464,0.3484112024307251,0.6179143786430359,0.3599708080291748,0.6791408658027649,0.34397658705711365,0.7153571248054504,0.34061676263809204,0.7220844030380249,0.36605948209762573,0.5901973843574524,0.3820078372955322,0.5163302421569824,0.38934341073036194,0.4427480101585388
0,0.28869619965553284,0.9821827411651611,0.22918078303337097,0.8825355768203735,0.20923452079296112,0.7754819393157959,0.23745378851890564,0.700492799282074,0.27473241090774536,0.6675330400466919,0.1854659914970398,0.6934174299240112,0.19386020302772522,0.5540972352027893,0.18912628293037415,0.47329282760620117,0.18110090494155884,0.4109022617340088,0.2261379361152649,0.6892126798629761,0.30534493923187256,0.6033973693847656,0.32342061400413513,0.6657248735427856,0.3103996515274048,0.7039299607276917,0.28255340456962585,0.7006714940071106,0.3508721590042114,0.6201188564300537,0.36273956298828125,0.682202160358429,0.3466963768005371,0.7168141007423401,0.3422541916370392,0.7192040085792542,0.3659476637840271,0.5884850025177002,0.38268691301345825,0.5166944265365601,0.3905566334724426,0.44599267840385437
0,0.28838932514190674,0.9846187829971313,0.22939129173755646,0.8839769959449768,0.21004274487495422,0.7769472599029541,0.23881323635578156,0.7028165459632874,0.2765716016292572,0.670842170715332,0.18563643097877502,0.6945235133171082,0.19364425539970398,0.554574191570282,0.18882036209106445,0.47325655817985535,0.18081720173358917,0.41060036420822144,0.2260049283504486,0.6898582577705383,0.3052915930747986,0.6030303835868835,0.32394689321517944,0.66600501537323,0.3112282156944275,0.7046710252761841,0.2825319468975067,0.7011130452156067,0.3515377640724182,0.6199873685836792,0.3640481233596802,0.6821441054344177,0.3483264148235321,0.7169503569602966,0.3424915373325348,0.7195664644241333,0.3656498193740845,0.5884134769439697,0.3823181986808777,0.5162241458892822,0.3902241587638855,0.4454600512981415
0,0.2847960889339447,0.9723515510559082,0.22508543729782104,0.8669368028640747,0.20812852680683136,0.758247971534729,0.2375812828540802,0.6821203231811523,0.27362698316574097,0.6484783291816711,0.18179625272750854,0.6766905188560486,0.18922922015190125,0.5385796427726746,0.18380343914031982,0.4555383026599884,0.176682248711586,0.3924754858016968,0.22209849953651428,0.6719279885292053,0.29891371726989746,0.591975212097168,0.3170257806777954,0.6531788110733032,0.30676060914993286,0.690203070640564,0.2782195806503296,0.6828902363777161,0.34315842390060425,0.6055830121040344,0.3527224361896515,0.6679656505584717,0.3385271728038788,0.703228235244751,0.3380568027496338,0.7006605267524719,0.36250463128089905,0.5717663764953613,0.3793313503265381,0.500961184501648,0.3878929018974304,0.4308303892612457
0,0.287613183259964,0.9698123931884766,0.22648480534553528,0.8659590482711792,0.20806097984313965,0.7585369944572449,0.23573026061058044,0.6816297173500061,0.27172303199768066,0.646342933177948,0.1820450723171234,0.677267849445343,0.18989120423793793,0.538034200668335,0.18353843688964844,0.45752421021461487,0.1750486195087433,0.3945994973182678,0.22272911667823792,0.6735261082649231,0.29873815178871155,0.5897857546806335,0.31626519560813904,0.6520236730575562,0.3050544559955597,0.6887884140014648,0.279577374458313,0.68483567237854,0.34447723627090454,0.6049867272377014,0.3555753231048584,0.6685526371002197,0.34179332852363586,0.7039124369621277,0.33994337916374207,0.7016420364379883,0.36225253343582153,0.5709031224250793,0.3781340420246124,0.5005802512168884,0.38580456376075745,0.43129411339759827
0,0.288345068693161,0.9566055536270142,0.2309291958808899,0.8480938076972961,0.21426746249198914,0.7372591495513916,0.24514882266521454,0.660469651222229,0.28597429394721985,0.6291725635528564,0.18912750482559204,0.6581110954284668,0.19263947010040283,0.5190759897232056,0.18792159855365753,0.4366376996040344,0.18197105824947357,0.3740566074848175,0.2291201800107956,0.652267336845398,0.3085010051727295,0.5741593837738037,0.32586371898651123,0.6361100077629089,0.31383979320526123,0.675879180431366,0.28515031933784485,0.6634048819541931,0.35256147384643555,0.5943400859832764,0.3632424473762512,0.6583101153373718,0.34800007939338684,0.693557620048523,0.3456058204174042,0.6819267868995667,0.3702402114868164,0.5547690391540527,0.38619303703308105,0.48172691464424133,0.3940087556838989,0.41002827882766724
0,0.28918400406837463,0.9600560665130615,0.23039084672927856,0.8521672487258911,0.2139260321855545,0.7405861616134644,0.2449169158935547,0.6655848622322083,0.2856425642967224,0.634185254573822,0.18822166323661804,0.6625539064407349,0.19564898312091827,0.519668698310852,0.18925228714942932,0.4371713101863861,0.18106858432292938,0.37331530451774597,0.22793129086494446,0.6564610004425049,0.30701732635498047,0.5701080560684204,0.3246583044528961,0.6308110952377319,0.31310492753982544,0.670136570930481,0.2841565012931824,0.6668872833251953,0.35263389348983765,0.586902379989624,0.36440837383270264,0.6489530801773071,0.3497972786426544,0.6850790977478027,0.3445107042789459,0.6855882406234741,0.3696790039539337,0.5553344488143921,0.3863202929496765,0.4823653995990753,0.3938303291797638,0.4113759994506836
0,0.28934282064437866,0.9602009654045105,0.23053503036499023,0.8520577549934387,0.21368353068828583,0.740584671497345,0.2435070127248764,0.6652593612670898,0.28270795941352844,0.6331348419189453,0.1881648302078247,0.6609397530555725,0.19588413834571838,0.5186259150505066,0.18955814838409424,0.43655651807785034,0.18132001161575317,0.37316134572029114,0.22827249765396118,0.6545885801315308,0.3072465658187866,0.5714578032493591,0.32443007826805115,0.6325898766517639,0.3126567602157593,0.6712700128555298,0.2846030294895172,0.665313720703125,0.3521440923213959,0.5879640579223633,0.36344605684280396,0.6502201557159424,0.34849992394447327,0.68569016456604,0.34481170773506165,0.684556245803833,0.3698326647281647,0.5551444292068481,0.3861371874809265,0.48260873556137085,0.39338070154190063,0.41181680560112
0,0.29997244477272034,0.956640362739563,0.24061714112758636,0.8473882079124451,0.22251483798027039,0.7357385158538818,0.2519909739494324,0.6556853652000427,0.2919742465019226,0.6216689348220825,0.1949368119239807,0.6532537937164307,0.20162412524223328,0.511549711227417,0.1964741051197052,0.4264812469482422,0.1896115243434906,0.36141449213027954,0.23497378826141357,0.6489721536636353,0.31512612104415894,0.562976598739624,0.33451762795448303,0.6260998249053955,0.32359206676483154,0.6653294563293457,0.2912151515483856,0.660896360874176,0.3599424660205841,0.5822258591651917,0.37222638726234436,0.6468782424926758,0.3592447340488434,0.6835594773292542,0.35246315598487854,0.6783719062805176,0.3758840560913086,0.5463745594024658,0.39151936769485474,0.4719039499759674,0.3993282914161682,0.39834925532341003
0,0.3001576364040375,0.9577823877334595,0.2407512366771698,0.8499874472618103,0.22215217351913452,0.7393227815628052,0.24940329790115356,0.660921573638916,0.2853255867958069,0.6260930299758911,0.19420647621154785,0.65423583984375,0.20313093066215515,0.5114121437072754,0.1971709132194519,0.427010715007782,0.18916621804237366,0.3618375062942505,0.23450925946235657,0.6502416133880615,0.31541919708251953,0.5619348883628845,0.3350256681442261,0.6242939233779907,0.32425040006637573,0.6634814739227295,0.2912762761116028,0.6620514392852783,0.3603346049785614,0.5775458216667175,0.3743446469306946,0.6405463218688965,0.3620011806488037,0.6775814294815063,0.3528851270675659,0.680612325668335,0.3751696050167084,0.5455464720726013,0.3902599811553955,0.47156625986099243,0.39737433195114136,0.3987787067890167
0,0.31249338388442993,0.9518440365791321,0.25054284930229187,0.8458960056304932,0.2302698940038681,0.7337113618850708,0.2589693069458008,0.6534045338630676,0.3007190227508545,0.6186332106590271,0.20274856686592102,0.651569128036499,0.2100125402212143,0.5082875490188599,0.2058861255645752,0.4230978488922119,0.198755145072937,0.35683131217956543,0.2413485050201416,0.6470981240272522,0.3257223963737488,0.5613538026809692,0.3460825979709625,0.625567615032196,0.3349786400794983,0.6667307615280151,0.2978537678718567,0.6592624187469482,0.370675265789032,0.5805835127830505,0.3866451680660248,0.6473788022994995,0.373991996049881,0.6848276853561401,0.3592796325683594,0.6780306696891785,0.3831069767475128,0.5449540615081787,0.3981873095035553,0.4704275131225586,0.40518689155578613,0.3980195224285126
0,0.31255626678466797,0.9530254006385803,0.25061580538749695,0.8483622074127197,0.2309102863073349,0.7354998588562012,0.25984251499176025,0.6564129590988159,0.3009291887283325,0.6208908557891846,0.20329737663269043,0.6540057063102722,0.21015843749046326,0.5086959004402161,0.20508918166160583,0.4235851466655731,0.19720548391342163,0.35666581988334656,0.24319253861904144,0.6485902667045593,0.3266538381576538,0.5595148205757141,0.34742996096611023,0.6216433048248291,0.3362129330635071,0.662017822265625,0.3004281520843506,0.6596752405166626,0.3717338442802429,0.5746939778327942,0.3872826099395752,0.6375113129615784,0.37367433309555054,0.6744250655174255,0.3624054789543152,0.6780341863632202,0.38412243127822876,0.5432101488113403,0.3979312777519226,0.4676404595375061,0.40322643518447876,0.3952345848083496
0,0.31181177496910095,0.954482913017273,0.2565881907939911,0.8457692265510559,0.2391640841960907,0.7349724769592285,0.2679096460342407,0.6560460925102234,0.30798426270484924,0.6229033470153809,0.20952440798282623,0.6463640928268433,0.21860340237617493,0.5034549236297607,0.2161245346069336,0.415840208530426,0.21044763922691345,0.34838730096817017,0.24899613857269287,0.6457096934318542,0.33577263355255127,0.5532002449035645,0.3589160144329071,0.6208105087280273,0.34758487343788147,0.6642977595329285,0.30519357323646545,0.66017746925354,0.37969183921813965,0.5750976800918579,0.3964200019836426,0.6433699131011963,0.38403794169425964,0.6839856505393982,0.3663616478443146,0.6796729564666748,0.3899576961994171,0.5431080460548401,0.4059379994869232,0.46695566177368164,0.4141245484352112,0.392816960811615
0,0.31467893719673157,0.9572062492370605,0.2557803690433502,0.8487054705619812,0.238176167011261,0.7367003560066223,0.26701754331588745,0.6575843691825867,0.30472704768180847,0.6233100891113281,0.2065093070268631,0.648855447769165,0.22040951251983643,0.5035858154296875,0.21700111031532288,0.416349858045578,0.21019192039966583,0.34880903363227844,0.24648362398147583,0.648289680480957,0.33442026376724243,0.5531187057495117,0.356952041387558,0.6186696887016296,0.3448368012905121,0.6591798663139343,0.30281901359558105,0.660891056060791,0.37825608253479004,0.5710292458534241,0.39418721199035645,0.6369032859802246,0.38138970732688904,0.6756824851036072,0.36406487226486206,0.6782418489456177,0.3886245787143707,0.5424256920814514,0.4051337242126465,0.4663592576980591,0.413213849067688,0.39047449827194214
0,0.3144500255584717,0.9545309543609619,0.25615113973617554,0.8466677665710449,0.2373931109905243,0.7360381484031677,0.26547861099243164,0.6563280820846558,0.30416619777679443,0.6221638321876526,0.2081623673439026,0.6487524509429932,0.21966037154197693,0.503853976726532,0.21656672656536102,0.4169374704360962,0.21027648448944092,0.3494885265827179,0.24830585718154907,0.6479082703590393,0.33464765548706055,0.5532616376876831,0.35686182975769043,0.6186137199401855,0.3447191119194031,0.6592459678649902,0.3045986592769623,0.6610859036445618,0.37801820039749146,0.5725241303443909,0.3938252329826355,0.6379605531692505,0.3810596168041229,0.6762073040008545,0.366136372089386,0.678862452507019,0.3898535370826721,0.5425687432289124,0.4058031141757965,0.4667665660381317,0.41349607706069946,0.39198851585388184
0,0.2985270023345947,0.9533412456512451,0.24588748812675476,0.8395634889602661,0.23189595341682434,0.7201996445655823,0.2614385783672333,0.6418341994285583,0.29810574650764465,0.6089191436767578,0.20511530339717865,0.6335587501525879,0.22229941189289093,0.49196457862854004,0.22233331203460693,0.40591976046562195,0.21746307611465454,0.3371394872665405,0.2442265897989273,0.6340785026550293,0.336243212223053,0.5563269853591919,0.35583266615867615,0.6172950863838196,0.3419192135334015,0.6558826565742493,0.30025821924209595,0.6513532400131226,0.37843233346939087,0.5739405751228333,0.393315851688385,0.6381896734237671,0.3785070478916168,0.6745215654373169,0.3622555434703827,0.6761431694030762,0.3897933065891266,0.5393315553665161,0.4061843752861023,0.4617365598678589,0.4142932593822479,0.3869246542453766
0,0.29930350184440613,0.9539821147918701,0.2474660873413086,0.8374950289726257,0.2338367998600006,0.7191228270530701,0.26604342460632324,0.6410588622093201,0.3087179958820343,0.608384370803833,0.20637694001197815,0.6356984376907349,0.22337734699249268,0.49117088317871094,0.22360661625862122,0.40593576431274414,0.21943825483322144,0.33826419711112976,0.2449403703212738,0.6349298357963562,0.33578217029571533,0.5528720617294312,0.3559491038322449,0.6149481534957886,0.3431917428970337,0.6536053419113159,0.30065345764160156,0.6516054272651672,0.37827545404434204,0.5731796026229858,0.39394620060920715,0.6364313364028931,0.3801637291908264,0.6712390184402466,0.3615649342536926,0.6757622361183167,0.38763511180877686,0.5394831299781799,0.4040015637874603,0.4630674719810486,0.4115886688232422,0.389435350894928
0,0.2799217402935028,0.9419788122177124,0.23274803161621094,0.8244519233703613,0.22719436883926392,0.7014060616493225,0.2657613456249237,0.6256343722343445,0.3149435222148895,0.5926710367202759,0.1964307576417923,0.6230583786964417,0.21607238054275513,0.4849023222923279,0.21548426151275635,0.4001336097717285,0.21025346219539642,0.33000078797340393,0.23344038426876068,0.6229678392410278,0.3246166408061981,0.5572755336761475,0.3386582136154175,0.6187368035316467,0.3226376473903656,0.656331479549408,0.2872941493988037,0.638047993183136,0.36650311946868896,0.570266604423523,0.376968652009964,0.6385238170623779,0.3596196472644806,0.6754972338676453,0.3467748761177063,0.6583133935928345,0.3773677945137024,0.5310781002044678,0.39129355549812317,0.4576185941696167,0.3970918655395508,0.3854016661643982
0,0.28041842579841614,0.9404540657997131,0.23187777400016785,0.8250596523284912,0.2223999798297882,0.7005505561828613,0.2620263695716858,0.6234563589096069,0.3141050338745117,0.5967953205108643,0.1955670416355133,0.6223008036613464,0.21549586951732635,0.4811631441116333,0.2163069248199463,0.39667996764183044,0.21163558959960938,0.3270947337150574,0.23476359248161316,0.623508095741272,0.3266557455062866,0.5475993156433105,0.3409613370895386,0.609164834022522,0.32316434383392334,0.6484023332595825,0.28941288590431213,0.6388760209083557,0.3673396706581116,0.5643126368522644,0.3789416551589966,0.6288568377494812,0.36098477244377136,0.6638311147689819,0.34898221492767334,0.660151481628418,0.37626951932907104,0.529819130897522,0.39066922664642334,0.45765015482902527,0.3965432941913605,0.3869895339012146
0,0.28126734495162964,0.9385035037994385,0.23129801452159882,0.8223525285720825,0.22194361686706543,0.6992213726043701,0.2611636817455292,0.6232961416244507,0.31400009989738464,0.5970147848129272,0.1945066899061203,0.6232530474662781,0.21615970134735107,0.4820590615272522,0.21756011247634888,0.397857666015625,0.2131849080324173,0.32782092690467834,0.2335764467716217,0.6231210231781006,0.32606855034828186,0.5479860305786133,0.34091565012931824,0.6085690259933472,0.32378795742988586,0.6468181014060974,0.2885318398475647,0.6373195648193359,0.3670761287212372,0.5645949244499207,0.3789012134075165,0.6288591027259827,0.36133256554603577,0.6633347272872925,0.34853729605674744,0.6572784781455994,0.37571343779563904,0.5287837982177734,0.39027172327041626,0.4574427306652069,0.3964345455169678,0.3881985545158386
0,0.2679675817489624,0.9384443163871765,0.21934384107589722,0.8189516663551331,0.210769385099411,0.699604332447052,0.24521417915821075,0.6240140199661255,0.29082682728767395,0.5912730097770691,0.18121662735939026,0.6147761344909668,0.2042596936225891,0.4774687886238098,0.20426307618618011,0.3925149142742157,0.199895977973938,0.3225754499435425,0.2150108814239502,0.6152623891830444,0.3095584809780121,0.5372154116630554,0.3301911950111389,0.5984613299369812,0.3194548189640045,0.6393204927444458,0.2678302824497223,0.632871687412262,0.35295096039772034,0.5569570064544678,0.36861538887023926,0.6263163089752197,0.3552565574645996,0.6658145785331726,0.3283675014972687,0.6584272980690002,0.3601497411727905,0.5267696976661682,0.37529486417770386,0.45136478543281555,0.38234663009643555,0.3763212561607361
0,0.26712965965270996,0.938281774520874,0.21812447905540466,0.8195871710777283,0.20838573575019836,0.6994999051094055,0.24354177713394165,0.6223359107971191,0.29155462980270386,0.5925573706626892,0.17940030992031097,0.6160568594932556,0.20375622808933258,0.4767661690711975,0.2053345888853073,0.39196622371673584,0.20119670033454895,0.3221666216850281,0.2153491973876953,0.6164347529411316,0.3142279386520386,0.5367363691329956,0.33496761322021484,0.5982758402824402,0.3219733238220215,0.637749969959259,0.2688088119029999,0.6326274871826172,0.353981077671051,0.5552981495857239,0.3709828555583954,0.6218773126602173,0.35673800110816956,0.6588140726089478,0.3287353217601776,0.6565447449684143,0.3582530617713928,0.524685800075531,0.3745923638343811,0.4513012766838074,0.38158828020095825,0.3788065016269684
1,0.2627391815185547,0.9393079280853271,0.22144824266433716,0.8275706768035889,0.21434840559959412,0.7096205353736877,0.24946072697639465,0.6331404447555542,0.2876783013343811,0.5959409475326538,0.16915564239025116,0.613865315914154,0.19608348608016968,0.47639816999435425,0.19763943552970886,0.3928411602973938,0.19409023225307465,0.3254151940345764,0.20264849066734314,0.6201220750808716,0.3075888156890869,0.5425438284873962,0.33231207728385925,0.6099963188171387,0.32420825958251953,0.6517626643180847,0.2552254796028137,0.6381545066833496,0.35415923595428467,0.5607438683509827,0.37030869722366333,0.6357825398445129,0.356450617313385,0.6795685887336731,0.31447941064834595,0.6597229242324829,0.34691035747528076,0.5298837423324585,0.36469119787216187,0.4527072310447693,0.37607434391975403,0.37479355931282043
1,0.26163893938064575,0.941278874874115,0.21441203355789185,0.824472188949585,0.20256614685058594,0.7066555023193359,0.23400649428367615,0.6290066242218018,0.2753617763519287,0.5932345390319824,0.16979646682739258,0.6148256659507751,0.19501349329948425,0.47590985894203186,0.19647356867790222,0.3930777907371521,0.19215834140777588,0.324447363615036,0.20457500219345093,0.6194364428520203,0.30764487385749817,0.5382871031761169,0.3322851061820984,0.6036443114280701,0.3232560455799103,0.6439628601074219,0.2579095661640167,0.6397061944007874,0.351697713136673,0.5596875548362732,0.37017035484313965,0.6306009292602539,0.35726532340049744,0.6703919768333435,0.31828299164772034,0.666907787322998,0.34916889667510986,0.5307787656784058,0.36650916934013367,0.4548785090446472,0.37610894441604614,0.37897637486457825
1,0.2560645639896393,0.9458417892456055,0.21136236190795898,0.8296960592269897,0.20299705862998962,0.7131786942481995,0.23559390008449554,0.63706374168396,0.27744925022125244,0.6008811593055725,0.16775384545326233,0.619200587272644,0.19421496987342834,0.4811844229698181,0.19639469683170319,0.39827826619148254,0.19323581457138062,0.32950910925865173,0.20126307010650635,0.6249727010726929,0.307043194770813,0.5482572317123413,0.3310970962047577,0.6152665019035339,0.3218740224838257,0.6563110947608948,0.2538597285747528,0.6451735496520996,0.348593533039093,0.5676002502441406,0.36566516757011414,0.6408876776695251,0.3521897792816162,0.6819280385971069,0.3133992850780487,0.6704668402671814,0.34510260820388794,0.5367961525917053,0.363136887550354,0.46209704875946045,0.37351760268211365,0.3863600194454193
1,0.2564356327056885,0.9447625875473022,0.21120131015777588,0.8266753554344177,0.20103299617767334,0.7103258967399597,0.23320628702640533,0.6329580545425415,0.2754090130329132,0.5980477333068848,0.16518494486808777,0.6199123859405518,0.19329281151294708,0.4811815619468689,0.19586358964443207,0.398201048374176,0.1929553747177124,0.3292163908481598,0.1985177993774414,0.6254240870475769,0.30612239241600037,0.5467426776885986,0.3311212360858917,0.613888680934906,0.32178786396980286,0.6556249260902405,0.25119951367378235,0.6447226405143738,0.34901854395866394,0.5681369304656982,0.3670007288455963,0.6420090198516846,0.3532988429069519,0.6829339265823364,0.31157416105270386,0.6691509485244751,0.3448220193386078,0.5365411639213562,0.36310333013534546,0.46161288022994995,0.37339404225349426,0.3856724202632904
1,0.25635266304016113,0.9446767568588257,0.21092703938484192,0.8275581002235413,0.200174480676651,0.7110613584518433,0.23238714039325714,0.6333619356155396,0.2750963866710663,0.5986889600753784,0.16564449667930603,0.6191225051879883,0.19300143420696259,0.4815930724143982,0.19591715931892395,0.39841675758361816,0.19315333664417267,0.3294431269168854,0.19970133900642395,0.6252762675285339,0.3055935502052307,0.5459398031234741,0.331198513507843,0.6134541034698486,0.3223668336868286,0.6557881832122803,0.2525027394294739,0.6454728841781616,0.3495509624481201,0.5679824948310852,0.36829495429992676,0.6413193345069885,0.3554336428642273,0.6827508807182312,0.31273534893989563,0.670974850654602,0.34545937180519104,0.5376330614089966,0.36350810527801514,0.4621281027793884,0.37393122911453247,0.3856876790523529
1,0.2512011229991913,0.9457371830940247,0.20638233423233032,0.8282816410064697,0.19808268547058105,0.7128387689590454,0.2323511689901352,0.6376117467880249,0.2764189541339874,0.6053656935691833,0.16254714131355286,0.6181446313858032,0.1902066469192505,0.4816014766693115,0.19212904572486877,0.39955416321754456,0.18898507952690125,0.3312920331954956,0.19653639197349548,0.6230736970901489,0.3026105463504791,0.5464178919792175,0.3248237669467926,0.6147361993789673,0.31434574723243713,0.6571351289749146,0.24957939982414246,0.6433396339416504,0.3454982340335846,0.5674575567245483,0.3617152273654938,0.6412907838821411,0.34665757417678833,0.6821762919425964,0.3094908595085144,0.6701309084892273,0.3415274918079376,0.5363262891769409,0.36006417870521545,0.4628636837005615,0.3707219362258911,0.3886074125766754
1,0.24925726652145386,0.9463294148445129,0.20374664664268494,0.8249673843383789,0.19511070847511292,0.7092475295066833,0.2306368052959442,0.6333256959915161,0.2779048681259155,0.602713406085968,0.16116586327552795,0.6181768774986267,0.19015568494796753,0.4814639985561371,0.19297698140144348,0.39910295605659485,0.1906297504901886,0.3305106461048126,0.19520720839500427,0.6234420537948608,0.3027247190475464,0.5443266034126282,0.32653334736824036,0.6120288372039795,0.3169286549091339,0.653559148311615,0.24816784262657166,0.643303632736206,0.34597381949424744,0.566523015499115,0.36302196979522705,0.639984130859375,0.3486810028553009,0.6803695559501648,0.3087023198604584,0.6695865392684937,0.3415539860725403,0.5359709858894348,0.35973209142684937,0.46273037791252136,0.36992961168289185,0.3886878192424774
1,0.24800364673137665,0.944135308265686,0.2050437033176422,0.8259941339492798,0.19739051163196564,0.710882306098938,0.23258322477340698,0.6359153985977173,0.2784397602081299,0.6041437387466431,0.161012202501297,0.6182553768157959,0.1886933296918869,0.4802381992340088,0.19176657497882843,0.3970275819301605,0.18987521529197693,0.3283067047595978,0.19387459754943848,0.622862696647644,0.3015369772911072,0.5432653427124023,0.3250580430030823,0.6120893955230713,0.3150084316730499,0.654650866985321,0.24588777124881744,0.6414422392845154,0.3447358310222626,0.5672664642333984,0.3603014051914215,0.6425363421440125,0.3445419669151306,0.6832493543624878,0.30546441674232483,0.665312647819519,0.33984482288360596,0.5351682901382446,0.35861384868621826,0.4623655378818512,0.36923184990882874,0.3882625997066498
1,0.2473411113023758,0.9443411827087402,0.2037646472454071,0.8254146575927734,0.19660529494285583,0.7119768261909485,0.23318390548229218,0.6378852128982544,0.28118428587913513,0.6062785387039185,0.1600642204284668,0.6176650524139404,0.18891581892967224,0.48044222593307495,0.19195693731307983,0.39774757623672485,0.18991756439208984,0.329449325799942,0.1931779533624649,0.6227087378501892,0.30073118209838867,0.5456547737121582,0.32448074221611023,0.6140955090522766,0.3149879276752472,0.6560050249099731,0.24559098482131958,0.6420406103134155,0.3442716598510742,0.5676848292350769,0.3608393967151642,0.6424444317817688,0.3464760184288025,0.6834333539009094,0.30556756258010864,0.6664791107177734,0.33895355463027954,0.5350699424743652,0.35787904262542725,0.4619952440261841,0.3691399395465851,0.38756266236305237
1,0.24779970943927765,0.9431575536727905,0.20279137790203094,0.8244333267211914,0.19339223206043243,0.7104437351226807,0.2275562882423401,0.6356280446052551,0.2735559344291687,0.6039654016494751,0.1598624587059021,0.6166422367095947,0.18845781683921814,0.48002707958221436,0.19188180565834045,0.3975278437137604,0.19018298387527466,0.3295153081417084,0.19361746311187744,0.6223494410514832,0.3004007339477539,0.5449491143226624,0.3238317668437958,0.6127194166183472,0.31400689482688904,0.6540127396583557,0.24625025689601898,0.6424993276596069,0.3441666066646576,0.5682117938995361,0.36062508821487427,0.6418609619140625,0.34641319513320923,0.6821622252464294,0.30606889724731445,0.6679917573928833,0.3395726978778839,0.5360958576202393,0.35835522413253784,0.46260011196136475,0.3695867657661438,0.38801538944244385
1,0.24569420516490936,0.9449604153633118,0.20218701660633087,0.824711799621582,0.19227389991283417,0.7080697417259216,0.2264799028635025,0.6328315138816833,0.27170950174331665,0.6006660461425781,0.16087567806243896,0.61738121509552,0.1884591281414032,0.4796696901321411,0.19115322828292847,0.39796459674835205,0.18871361017227173,0.3306053876876831,0.19514954090118408,0.6240411400794983,0.3010818362236023,0.5442046523094177,0.3241909146308899,0.6122221946716309,0.3136955499649048,0.6540288329124451,0.24817372858524323,0.6464224457740784,0.34415560960769653,0.5701978802680969,0.3607264757156372,0.6431729793548584,0.3457147777080536,0.6831218004226685,0.3082210421562195,0.6748925447463989,0.3412814736366272,0.5400031208992004,0.36012619733810425,0.46472984552383423,0.37109044194221497,0.38914695382118225
1,0.24554945528507233,0.94585120677948,0.20289096236228943,0.8262402415275574,0.19359415769577026,0.7100582718849182,0.22682566940784454,0.6348504424095154,0.2707044780254364,0.6020137667655945,0.16056764125823975,0.6170450448989868,0.18877536058425903,0.4806082546710968,0.1916971206665039,0.39890149235725403,0.1899937093257904,0.3312981426715851,0.1940915286540985,0.6235908269882202,0.30310535430908203,0.5454463958740234,0.32656431198120117,0.613903820514679,0.3170434534549713,0.6559325456619263,0.24673770368099213,0.6456804275512695,0.3460731506347656,0.5713986158370972,0.3617609143257141,0.6465316414833069,0.3463912308216095,0.6869185566902161,0.30659219622612,0.6736218333244324,0.34086674451828003,0.5392223596572876,0.3597670793533325,0.4649678170681,0.3708379864692688,0.3895387649536133
1,0.24470043182373047,0.9498777389526367,0.19799979031085968,0.8291856050491333,0.18729017674922943,0.712672233581543,0.22013331949710846,0.6377816796302795,0.2642638385295868,0.607280969619751,0.15870654582977295,0.6217275261878967,0.18827316164970398,0.48309728503227234,0.19255849719047546,0.40098661184310913,0.19041094183921814,0.3334949016571045,0.19484490156173706,0.6265382170677185,0.29579880833625793,0.5472802519798279,0.3181186616420746,0.6119139194488525,0.30681684613227844,0.6505131721496582,0.24905967712402344,0.6486170291900635,0.3382042348384857,0.5713807344436646,0.3548262417316437,0.6402681469917297,0.340865820646286,0.6785406470298767,0.30975836515426636,0.6782411932945251,0.34081918001174927,0.5415665507316589,0.36046454310417175,0.4665360748767853,0.3716355264186859,0.39263778924942017
1,0.24437560141086578,0.9509152173995972,0.19824635982513428,0.829646646976471,0.1885746717453003,0.7130308151245117,0.2213250696659088,0.6379173994064331,0.2653330862522125,0.6064305305480957,0.16028186678886414,0.6202720999717712,0.18873277306556702,0.482435941696167,0.19238361716270447,0.40059608221054077,0.18986982107162476,0.3332061469554901,0.19645780324935913,0.625965416431427,0.29747143387794495,0.5491464734077454,0.3187738358974457,0.6152355074882507,0.3068559169769287,0.6555031538009644,0.2501052916049957,0.6487217545509338,0.33898675441741943,0.5738620758056641,0.355583131313324,0.6439533233642578,0.34172505140304565,0.6822493076324463,0.30999067425727844,0.6786307096481323,0.3405173718929291,0.5428639054298401,0.3602569103240967,0.46808958053588867,0.37174704670906067,0.3942696750164032
1,0.2463100552558899,0.9500028491020203,0.19941020011901855,0.8339606523513794,0.18654432892799377,0.7197872400283813,0.21605001389980316,0.6420201659202576,0.2547075152397156,0.6106917858123779,0.1570325493812561,0.6249150633811951,0.1849641501903534,0.4848739206790924,0.18994715809822083,0.4012840986251831,0.1889229714870453,0.3342565596103668,0.19354352355003357,0.6308625936508179,0.29231467843055725,0.5457242131233215,0.31324177980422974,0.6120827794075012,0.30012014508247375,0.6505970358848572,0.24691317975521088,0.6522325277328491,0.3342683017253876,0.5714030861854553,0.34876933693885803,0.6403498649597168,0.33500418066978455,0.6789355874061584,0.3072296977043152,0.6789237260818481,0.3395625352859497,0.5438115000724792,0.3596265912055969,0.46943458914756775,0.37149861454963684,0.3941604793071747
1,0.24431180953979492,0.9502014517784119,0.19803041219711304,0.832241415977478,0.18543753027915955,0.716271162033081,0.2164430171251297,0.6400388479232788,0.2567877769470215,0.6101523041725159,0.1577683836221695,0.6234478950500488,0.18550163507461548,0.4853561520576477,0.18984627723693848,0.4029008448123932,0.1878608763217926,0.3364042639732361,0.19467222690582275,0.6295462250709534,0.29229944944381714,0.5465800166130066,0.3134883642196655,0.6124802231788635,0.30054134130477905,0.6515305638313293,0.24822983145713806,0.6514390707015991,0.33431416749954224,0.5728836059570312,0.3498796820640564,0.6411618590354919,0.33617568016052246,0.6795467138290405,0.3083723783493042,0.6786463856697083,0.33993446826934814,0.5435845255851746,0.3592051863670349,0.46912020444869995,0.3700137138366699,0.3951510787010193
1,0.24503570795059204,0.9492305517196655,0.19847480952739716,0.8321850895881653,0.18571627140045166,0.7177528142929077,0.21657730638980865,0.640785813331604,0.2568053901195526,0.6105926036834717,0.1571204513311386,0.6241670250892639,0.1841229796409607,0.4857761263847351,0.1888500452041626,0.40278422832489014,0.18778619170188904,0.33581748604774475,0.1931278109550476,0.6300630569458008,0.2937294840812683,0.547357976436615,0.3154009282588959,0.6145584583282471,0.3030768930912018,0.6541551351547241,0.24633866548538208,0.6520010828971863,0.3359474539756775,0.5740287899971008,0.35137486457824707,0.6435474753379822,0.33770468831062317,0.6822805404663086,0.30683183670043945,0.6797487735748291,0.3397504687309265,0.5440467000007629,0.35959360003471375,0.4693979024887085,0.3711923360824585,0.39426031708717346
1,0.24710772931575775,0.9452085494995117,0.19899825751781464,0.8298841118812561,0.18605303764343262,0.7174683213233948,0.21668976545333862,0.6420982480049133,0.2562790811061859,0.612058699131012,0.15937696397304535,0.6255823969841003,0.18596211075782776,0.4867051839828491,0.19098880887031555,0.40254807472229004,0.19003070890903473,0.3359788656234741,0.19784164428710938,0.6330165863037109,0.2962837815284729,0.5513733625411987,0.3167843520641327,0.6188234090805054,0.3027995824813843,0.6578891277313232,0.25241512060165405,0.6543710231781006,0.33755090832710266,0.5772836804389954,0.3522365093231201,0.6457967162132263,0.3380679488182068,0.6831226944923401,0.31218454241752625,0.678631603717804,0.34326648712158203,0.5450211763381958,0.3634786903858185,0.47133004665374756,0.37594085931777954,0.3975144326686859
1,0.245951309800148,0.945709228515625,0.19803589582443237,0.8298314809799194,0.18604907393455505,0.7181854844093323,0.21666167676448822,0.6426681280136108,0.25428691506385803,0.612341046333313,0.1589774191379547,0.6248816251754761,0.18600735068321228,0.4860815703868866,0.19074556231498718,0.40182942152023315,0.1897016167640686,0.3360983431339264,0.19853943586349487,0.6325967311859131,0.2942406237125397,0.5498031377792358,0.314578652381897,0.6161385774612427,0.30043110251426697,0.6535030007362366,0.2535567581653595,0.6540180444717407,0.33599260449409485,0.5751756429672241,0.3503710627555847,0.6416386365890503,0.33657100796699524,0.6778686046600342,0.31358712911605835,0.6777058839797974,0.34365740418434143,0.5436977744102478,0.36379972100257874,0.4704052209854126,0.3761123716831207,0.39649784564971924
1,0.24184244871139526,0.9507630467414856,0.19364097714424133,0.8339264392852783,0.18330180644989014,0.7193217873573303,0.21749919652938843,0.6446606516838074,0.26069724559783936,0.6161643266677856,0.15737496316432953,0.6281396746635437,0.18654680252075195,0.48928481340408325,0.19505038857460022,0.40578988194465637,0.1977316439151764,0.33970072865486145,0.196328803896904,0.6332579255104065,0.298763245344162,0.5530256032943726,0.3206918239593506,0.619982898235321,0.30858665704727173,0.6605498790740967,0.2509194016456604,0.65469890832901,0.3403119742870331,0.5811801552772522,0.35568714141845703,0.64927738904953,0.3422611951828003,0.6875724196434021,0.310929536819458,0.6825592517852783,0.34897270798683167,0.5497587323188782,0.3732284605503082,0.4768625795841217,0.38948893547058105,0.4056674540042877
1,0.2417396605014801,0.950247049331665,0.19252794981002808,0.8315367102622986,0.18243402242660522,0.7169086337089539,0.21726983785629272,0.6414636373519897,0.26171669363975525,0.6145597100257874,0.1572924554347992,0.6268627643585205,0.18794021010398865,0.4888491630554199,0.19570112228393555,0.4053061902523041,0.19732049107551575,0.3392693102359772,0.1961950808763504,0.6330741047859192,0.2973865866661072,0.551253080368042,0.31793054938316345,0.6160992383956909,0.30402976274490356,0.6543394327163696,0.2506859004497528,0.6543033123016357,0.3385730981826782,0.5788309574127197,0.3528922498226166,0.6455216407775879,0.33864450454711914,0.6822958588600159,0.31060734391212463,0.6814010143280029,0.34965115785598755,0.5504107475280762,0.3737260699272156,0.4790486693382263,0.3888184726238251,0.4078354239463806
1,0.24153873324394226,0.950377345085144,0.1925571858882904,0.8322288990020752,0.18231362104415894,0.7174659967422485,0.2173324078321457,0.6420240998268127,0.2619529962539673,0.6151419878005981,0.1569647490978241,0.6269170641899109,0.18820124864578247,0.4888254404067993,0.19593794643878937,0.4053281843662262,0.19741767644882202,0.3393929898738861,0.19573640823364258,0.6330183148384094,0.2976182699203491,0.5520002841949463,0.3184742033481598,0.6166517734527588,0.30484870076179504,0.6547521948814392,0.2501993775367737,0.654217004776001,0.33877402544021606,0.5790921449661255,0.35332468152046204,0.6456530094146729,0.33929675817489624,0.682471752166748,0.31004366278648376,0.6812126040458679,0.3494500517845154,0.5504143238067627,0.37357062101364136,0.47889482975006104,0.38879069685935974,0.40760713815689087
1,0.23032762110233307,0.9518805742263794,0.182498037815094,0.8294854760169983,0.17564013600349426,0.7156804800033569,0.20891892910003662,0.6420812606811523,0.2502468228340149,0.612012505531311,0.1527395397424698,0.6250886917114258,0.1934683620929718,0.4881381392478943,0.20981866121292114,0.4092923402786255,0.21955248713493347,0.3459383547306061,0.1913427710533142,0.6338075995445251,0.29399341344833374,0.5554145574569702,0.31183990836143494,0.6210245490074158,0.2976820766925812,0.6594961285591125,0.24615001678466797,0.6592910885810852,0.33496910333633423,0.5824862718582153,0.3479175567626953,0.6508859992027283,0.332466185092926,0.6881124377250671,0.30575332045555115,0.6925378441810608,0.3456486463546753,0.5564457774162292,0.37051722407341003,0.4838773012161255,0.38726145029067993,0.41247788071632385
1,0.2278359979391098,0.957751989364624,0.18075960874557495,0.8330206871032715,0.17427600920200348,0.7175698280334473,0.21096360683441162,0.6435617804527283,0.2568442225456238,0.618252694606781,0.15163554251194,0.6240728497505188,0.19191712141036987,0.4888196587562561,0.208705872297287,0.40875348448753357,0.21901778876781464,0.34672418236732483,0.19223156571388245,0.6304271817207336,0.2940058708190918,0.5524033308029175,0.3131862282752991,0.619173526763916,0.2997088134288788,0.6576775908470154,0.24738001823425293,0.6552793383598328,0.33480578660964966,0.5833709239959717,0.34814444184303284,0.651559591293335,0.3333713710308075,0.688571572303772,0.3071132302284241,0.6882956027984619,0.34579262137413025,0.5544461607933044,0.37191569805145264,0.4830169677734375,0.38917216658592224,0.4127507209777832
1,0.225739523768425,0.955026388168335,0.1799623966217041,0.8285408616065979,0.17305605113506317,0.718365490436554,0.2038286328315735,0.6429010033607483,0.2415001094341278,0.6118050217628479,0.1484014391899109,0.6220779418945312,0.1941591501235962,0.49080386757850647,0.21344465017318726,0.4132756292819977,0.22588199377059937,0.3530210852622986,0.1880323588848114,0.6306343078613281,0.28759047389030457,0.5530260801315308,0.30635327100753784,0.6174045205116272,0.29360684752464294,0.6521838307380676,0.2419813573360443,0.6562196016311646,0.328093022108078,0.5820534825325012,0.33939895033836365,0.6478776931762695,0.3255247473716736,0.6836255788803101,0.30113303661346436,0.6875454783439636,0.343089759349823,0.5551377534866333,0.37044939398765564,0.4849094748497009,0.3888952434062958,0.41392529010772705
1,0.2256595939397812,0.9541641473770142,0.17927706241607666,0.8284533619880676,0.17234820127487183,0.7174103856086731,0.20485864579677582,0.6414059996604919,0.2442154437303543,0.6111932396888733,0.14802667498588562,0.6227724552154541,0.19354814291000366,0.4907938838005066,0.21366731822490692,0.4123116135597229,0.22666901350021362,0.35234034061431885,0.1877075731754303,0.6317095756530762,0.2912139296531677,0.5531386137008667,0.31099677085876465,0.6197488903999329,0.29806414246559143,0.657122015953064,0.24199047684669495,0.6568377017974854,0.3323548436164856,0.5849356055259705,0.3447752892971039,0.6538384556770325,0.3305901885032654,0.6912164688110352,0.3017774522304535,0.6878495216369629,0.34340542554855347,0.5548189878463745,0.37099945545196533,0.48430493474006653,0.38992196321487427,0.41337648034095764
1,0.22769641876220703,0.949667751789093,0.17923688888549805,0.8235199451446533,0.17254620790481567,0.7129525542259216,0.2084265947341919,0.6390932202339172,0.2519521117210388,0.6116556525230408,0.1508018672466278,0.6227174401283264,0.19685664772987366,0.49166572093963623,0.21653863787651062,0.4136425852775574,0.2296764850616455,0.3538302183151245,0.19187498092651367,0.6300883889198303,0.293730229139328,0.5536778569221497,0.3123853802680969,0.6176965236663818,0.2996310591697693,0.6549729704856873,0.24718177318572998,0.654468297958374,0.33251717686653137,0.5851138234138489,0.3437841832637787,0.650740921497345,0.32918813824653625,0.6854959726333618,0.30697545409202576,0.6856592297554016,0.3493767976760864,0.5560371279716492,0.3763459026813507,0.4864712953567505,0.3938550353050232,0.41668471693992615
1,0.2277994602918625,0.9471418857574463,0.17913883924484253,0.8230358362197876,0.1722564697265625,0.711784839630127,0.20812773704528809,0.6372103691101074,0.2515355050563812,0.6083052158355713,0.15182046592235565,0.6216931343078613,0.19791285693645477,0.49077343940734863,0.21780824661254883,0.4140447974205017,0.23049867153167725,0.3541323244571686,0.1928068995475769,0.629895031452179,0.29317420721054077,0.5528899431228638,0.30989962816238403,0.6167993545532227,0.295341819524765,0.6519937515258789,0.24741940200328827,0.654517650604248,0.3328632712364197,0.581148624420166,0.342544823884964,0.6461357474327087,0.3262929916381836,0.6809208393096924,0.30600857734680176,0.6862890124320984,0.3478218615055084,0.5558921098709106,0.3749564290046692,0.4871535301208496,0.393237829208374,0.41812562942504883
1,0.22706831991672516,0.9473316669464111,0.1787484884262085,0.8224597573280334,0.17205312848091125,0.7104774713516235,0.20856617391109467,0.636203408241272,0.25269627571105957,0.608124852180481,0.1514880359172821,0.6219106316566467,0.1979353427886963,0.4907514452934265,0.21793720126152039,0.4140697121620178,0.23075127601623535,0.3541117012500763,0.19208580255508423,0.6300567388534546,0.2928403317928314,0.5515963435173035,0.310242623090744,0.6151712536811829,0.2960700988769531,0.6505725979804993,0.2465391457080841,0.6542442440986633,0.3327510356903076,0.5803478956222534,0.34304216504096985,0.644863486289978,0.3270604610443115,0.6797844171524048,0.30516958236694336,0.6855489015579224,0.3478432893753052,0.5556847453117371,0.37507927417755127,0.4867634177207947,0.3931657671928406,0.41769304871559143
1,0.24002085626125336,0.9584132432937622,0.18956494331359863,0.8333726525306702,0.18442100286483765,0.7196891903877258,0.22270339727401733,0.6428307890892029,0.26870012283325195,0.6162738800048828,0.16195204854011536,0.633309543132782,0.20725038647651672,0.49672430753707886,0.22731076180934906,0.41781681776046753,0.24047362804412842,0.3555232882499695,0.20715203881263733,0.6389622688293457,0.3013905882835388,0.5522240400314331,0.31813138723373413,0.6169072985649109,0.3047924041748047,0.6543374061584473,0.2649334669113159,0.6641197204589844,0.34121012687683105,0.5892852544784546,0.34857872128486633,0.6573866605758667,0.3309178352355957,0.6927298903465271,0.32631587982177734,0.6968235969543457,0.3660951852798462,0.5646742582321167,0.39431536197662354,0.4951153099536896,0.41278332471847534,0.42524194717407227
1,0.2409452497959137,0.9589864611625671,0.1899031698703766,0.833311140537262,0.18298497796058655,0.7182037234306335,0.21840116381645203,0.6405234336853027,0.26208773255348206,0.6109431982040405,0.16317477822303772,0.6294089555740356,0.21173131465911865,0.49666211009025574,0.23250426352024078,0.41985413432121277,0.2455192655324936,0.35892048478126526,0.205649733543396,0.6362143754959106,0.30401408672332764,0.5547307133674622,0.31952953338623047,0.6177738308906555,0.30428269505500793,0.6552727222442627,0.2614968419075012,0.6616407036781311,0.344859778881073,0.5884663462638855,0.353098601102829,0.6538643836975098,0.33557504415512085,0.6894137859344482,0.32192930579185486,0.6954020857810974,0.36517781019210815,0.5659719705581665,0.3930720388889313,0.4963301420211792,0.41148123145103455,0.42746901512145996
1,0.2426377385854721,0.9512062072753906,0.19177302718162537,0.8214535713195801,0.18721167743206024,0.7081944942474365,0.22544416785240173,0.6316484808921814,0.27211013436317444,0.6048653721809387,0.1662721037864685,0.6247251033782959,0.21293802559375763,0.4919346570968628,0.23506486415863037,0.41518092155456543,0.2504121959209442,0.3552832305431366,0.2094275951385498,0.6314082145690918,0.3064417839050293,0.5498730540275574,0.3224896788597107,0.6112821102142334,0.308731347322464,0.647742748260498,0.26548901200294495,0.6561282873153687,0.3452889025211334,0.584324836730957,0.35197576880455017,0.6491363048553467,0.3344876170158386,0.6835821270942688,0.3262185752391815,0.6892554759979248,0.37351909279823303,0.5620930790901184,0.40303337574005127,0.49527907371520996,0.4219520688056946,0.428173303604126
1,0.2435319572687149,0.9499244689941406,0.1924644112586975,0.8220565319061279,0.18694919347763062,0.710288405418396,0.2231101244688034,0.6326131224632263,0.2670823633670807,0.6022911667823792,0.16593560576438904,0.6268401145935059,0.21443858742713928,0.49184295535087585,0.23649689555168152,0.41588079929351807,0.25195541977882385,0.35579732060432434,0.20877118408679962,0.6337359547615051,0.30619651079177856,0.5472249984741211,0.32195374369621277,0.6095821857452393,0.3082164525985718,0.6460082530975342,0.2645787000656128,0.6585553884506226,0.3465607762336731,0.5805789232254028,0.35326868295669556,0.6447719931602478,0.33556219935417175,0.6797593235969543,0.3256338834762573,0.6915476322174072,0.3722536265850067,0.5618150234222412,0.4025002121925354,0.4940911531448364,0.4226542115211487,0.4262215495109558
1,0.23638038337230682,0.930720865726471,0.19092822074890137,0.8033962249755859,0.19145557284355164,0.6913217306137085,0.23178495466709137,0.6172374486923218,0.29029303789138794,0.594334602355957,0.17392316460609436,0.6151843070983887,0.20334084331989288,0.46077990531921387,0.2594051957130432,0.41874778270721436,0.29812318086624146,0.4406285881996155,0.21823057532310486,0.625667154788971,0.3123081922531128,0.49146926403045654,0.3435477018356323,0.5385726690292358,0.330191045999527,0.5857383608818054,0.2728263735771179,0.6513728499412537,0.3546158969402313,0.5408481359481812,0.37540751695632935,0.5872777700424194,0.3658089339733124,0.6313359141349792,0.33182254433631897,0.6891945004463196,0.3923655152320862,0.574677050113678,0.43118536472320557,0.5217143297195435,0.4535612463951111,0.48054927587509155
1,0.23767396807670593,0.9350179433822632,0.19379663467407227,0.8113161325454712,0.19130408763885498,0.695722758769989,0.230197936296463,0.6164243817329407,0.2847071886062622,0.5841431617736816,0.1717623472213745,0.6186933517456055,0.2128792405128479,0.45172104239463806,0.2684560716152191,0.4265781044960022,0.3001841604709625,0.4554932713508606,0.2167464792728424,0.626714289188385,0.3063927888870239,0.48369961977005005,0.34079509973526,0.5322349071502686,0.33292946219444275,0.5804346799850464,0.2725198268890381,0.6526255011558533,0.3541594445705414,0.5311581492424011,0.37765738368034363,0.5763950943946838,0.3713534474372864,0.621757984161377,0.33235445618629456,0.692680299282074,0.3904281258583069,0.5706344842910767,0.4324541687965393,0.5189589858055115,0.4591590166091919,0.4802161753177643
1,0.2306182086467743,0.921379029750824,0.19532513618469238,0.7722400426864624,0.20572511851787567,0.6510785818099976,0.25258299708366394,0.574755072593689,0.3086717128753662,0.5366783142089844,0.17645086348056793,0.592023491859436,0.2545980215072632,0.44508096575737,0.3029671311378479,0.47043344378471375,0.31258681416511536,0.5210579037666321,0.2183327078819275,0.6112921833992004,0.2967193126678467,0.44285982847213745,0.3467520475387573,0.4747660160064697,0.3523835837841034,0.5295292139053345,0.27226540446281433,0.6469233632087708,0.34460562467575073,0.48210060596466064,0.3908849060535431,0.5056540966033936,0.3945976793766022,0.5510839223861694,0.33191412687301636,0.6957545280456543,0.3912554085254669,0.5631171464920044,0.42294830083847046,0.5635749697685242,0.42652660608291626,0.5880340337753296
1,0.23159289360046387,0.9218171834945679,0.19404922425746918,0.7787034511566162,0.2026894986629486,0.6566404104232788,0.24696151912212372,0.5806176662445068,0.30181530117988586,0.5420350432395935,0.17673347890377045,0.5931888222694397,0.255332350730896,0.4459349513053894,0.3030972182750702,0.4709208607673645,0.31343021988868713,0.5211630463600159,0.21798579394817352,0.6107578873634338,0.2976275086402893,0.44184619188308716,0.34748828411102295,0.4741610884666443,0.35456472635269165,0.5280221700668335,0.2710590362548828,0.646442174911499,0.3456060588359833,0.48227596282958984,0.39297613501548767,0.5066136121749878,0.39859792590141296,0.5524255037307739,0.33000805974006653,0.696262001991272,0.3909306526184082,0.5648952126502991,0.4233120083808899,0.5653901100158691,0.4273095726966858,0.5893347263336182
1,0.23217444121837616,0.9206966161727905,0.19436582922935486,0.777320146560669,0.20262452960014343,0.6553866267204285,0.24702142179012299,0.5794312953948975,0.30201274156570435,0.5404215455055237,0.17707204818725586,0.5927454233169556,0.2553601562976837,0.4456625282764435,0.30361974239349365,0.46982985734939575,0.314036101102829,0.5201351642608643,0.21817390620708466,0.610395073890686,0.2973244786262512,0.4416292905807495,0.34768736362457275,0.4736633598804474,0.35454726219177246,0.5275869965553284,0.2711212635040283,0.6460961699485779,0.3451976478099823,0.48197871446609497,0.39266255497932434,0.5065075159072876,0.39781704545021057,0.5525783896446228,0.3298793137073517,0.6959351301193237,0.3910212516784668,0.5642101168632507,0.42377543449401855,0.5647432208061218,0.42755383253097534,0.5891572833061218
1,0.22168096899986267,0.9006330966949463,0.20065201818943024,0.7533653378486633,0.23012201488018036,0.6136096715927124,0.30068516731262207,0.5265616774559021,0.3710809350013733,0.4982450604438782,0.17228078842163086,0.5656857490539551,0.2687210440635681,0.42153438925743103,0.3127438426017761,0.46442195773124695,0.30879777669906616,0.5203877091407776,0.20718714594841003,0.5951977372169495,0.3065207600593567,0.4304933547973633,0.3531857430934906,0.47469472885131836,0.3463550806045532,0.5309033393859863,0.25759243965148926,0.6371119022369385,0.3541438579559326,0.4724547863006592,0.3983335494995117,0.508518397808075,0.39170345664024353,0.5550142526626587,0.3159928321838379,0.6896136403083801,0.3948207199573517,0.5655146837234497,0.4186750650405884,0.5897344350814819,0.4100431799888611,0.6264777779579163
1,0.22451162338256836,0.9050532579421997,0.19428512454032898,0.7602086067199707,0.20222453773021698,0.6313918232917786,0.24592794477939606,0.5478284358978271,0.30133935809135437,0.5089008212089539,0.17236070334911346,0.5670816898345947,0.26660028100013733,0.42319822311401367,0.3126378059387207,0.45443034172058105,0.31189674139022827,0.5072951316833496,0.20963257551193237,0.5946067571640015,0.30699682235717773,0.42793166637420654,0.3579438626766205,0.46473899483680725,0.35796964168548584,0.5170238018035889,0.2599300742149353,0.636903703212738,0.3532068133354187,0.4746593236923218,0.40210437774658203,0.5033807754516602,0.40079060196876526,0.5481321215629578,0.3155031204223633,0.6926146745681763,0.39216649532318115,0.5692861676216125,0.41835594177246094,0.585166871547699,0.40866029262542725,0.6200097799301147
1,0.21308667957782745,0.8879701495170593,0.20385488867759705,0.7446876764297485,0.21722182631492615,0.62034672498703,0.26354050636291504,0.5432616472244263,0.3177645802497864,0.5001105666160583,0.18225044012069702,0.5520572066307068,0.2790541350841522,0.41407328844070435,0.3414551019668579,0.43140244483947754,0.35849085450172424,0.48214447498321533,0.21147049963474274,0.5748523473739624,0.31110551953315735,0.420091450214386,0.3743269741535187,0.4495149850845337,0.3846350908279419,0.5036040544509888,0.25374966859817505,0.612795352935791,0.3486774265766144,0.46557754278182983,0.4079360365867615,0.49363869428634644,0.4139561057090759,0.5422031283378601,0.3019891679286957,0.6606035232543945,0.38015732169151306,0.5526415109634399,0.41565459966659546,0.5714000463485718,0.4145771265029907,0.6125258207321167
1,0.21559761464595795,0.886142373085022,0.2021702378988266,0.745867908000946,0.21412622928619385,0.622954249382019,0.2573803663253784,0.5470036864280701,0.30884113907814026,0.504926860332489,0.18247497081756592,0.5508566498756409,0.2788522243499756,0.4154137969017029,0.3425338864326477,0.42713791131973267,0.36205944418907166,0.47593313455581665,0.21275967359542847,0.5732095837593079,0.3118049204349518,0.41989076137542725,0.3760802447795868,0.44604796171188354,0.3877805769443512,0.49945783615112305,0.2556086480617523,0.6125290989875793,0.3485713601112366,0.46889907121658325,0.40859416127204895,0.49464210867881775,0.41592034697532654,0.5434280037879944,0.30403655767440796,0.6616237759590149,0.37813299894332886,0.5523439645767212,0.4152371883392334,0.5657114386558533,0.41652894020080566,0.603859543800354
1,0.21489307284355164,0.8863489627838135,0.2012021243572235,0.7461268305778503,0.2134406566619873,0.6239491701126099,0.25695568323135376,0.5495724081993103,0.30768582224845886,0.5086961388587952,0.18205492198467255,0.5512683391571045,0.2789996862411499,0.41535472869873047,0.34180527925491333,0.427794873714447,0.3605441451072693,0.4773876667022705,0.21269550919532776,0.5738163590431213,0.31172695755958557,0.4212043881416321,0.37532317638397217,0.44709312915802,0.38683021068573,0.500041663646698,0.2556092143058777,0.6130357980728149,0.34781786799430847,0.4679841995239258,0.40767258405685425,0.49354273080825806,0.4153096079826355,0.5420752167701721,0.3038884103298187,0.6621586680412292,0.3774847984313965,0.5506314039230347,0.41471874713897705,0.5636963844299316,0.41647809743881226,0.6015021204948425
1,0.22719182074069977,0.897461473941803,0.3421187400817871,0.77861487865448,0.38160645961761475,0.672931432723999,0.4150232672691345,0.6059256196022034,0.4287160038948059,0.5458217263221741,0.21469739079475403,0.5440255403518677,0.31515735387802124,0.4236834645271301,0.39205941557884216,0.45190584659576416,0.42798247933387756,0.5114030241966248,0.20191676914691925,0.5541279315948486,0.3277380168437958,0.4054056704044342,0.4091235101222992,0.4522087275981903,0.4337109923362732,0.5240163803100586,0.21934667229652405,0.5800480842590332,0.32594066858291626,0.43186289072036743,0.40773463249206543,0.4739319086074829,0.4325394034385681,0.5416079759597778,0.25558003783226013,0.6189960837364197,0.3347473740577698,0.4997611939907074,0.39478862285614014,0.5131974816322327,0.4232742190361023,0.5577313899993896
1,0.22261793911457062,0.90543532371521,0.3332209289073944,0.7856876254081726,0.3729637563228607,0.6767538785934448,0.4062961935997009,0.6097356081008911,0.428997278213501,0.5525826811790466,0.21526740491390228,0.5450219511985779,0.31516510248184204,0.4265271723270416,0.3891858458518982,0.45882850885391235,0.4209176003932953,0.5203328728675842,0.20471012592315674,0.5546596646308899,0.32363376021385193,0.4097646176815033,0.40416258573532104,0.4595213234424591,0.43227094411849976,0.532240092754364,0.22156797349452972,0.5791136622428894,0.3258879482746124,0.4383223056793213,0.405161052942276,0.4812689423561096,0.4337160587310791,0.5473208427429199,0.25786077976226807,0.6152979731559753,0.3381063640117645,0.507148265838623,0.3959698975086212,0.5200716257095337,0.4250076413154602,0.5593733787536621
1,0.21921873092651367,0.9108965396881104,0.3334333002567291,0.7932618856430054,0.38540560007095337,0.6930336952209473,0.4328407049179077,0.6357288956642151,0.45381397008895874,0.5834718942642212,0.2446666955947876,0.5352803468704224,0.34257060289382935,0.4305489957332611,0.41237884759902954,0.4763094186782837,0.4410483241081238,0.5475379228591919,0.22876659035682678,0.5413095951080322,0.3523227572441101,0.4223937392234802,0.429585725069046,0.4850434362888336,0.450769305229187,0.564364492893219,0.23702162504196167,0.5670162439346313,0.3462771773338318,0.4322315454483032,0.42477625608444214,0.4902612268924713,0.44828104972839355,0.564223051071167,0.26492422819137573,0.6072255969047546,0.34499457478523254,0.4935246407985687,0.40582019090652466,0.5209212899208069,0.43429630994796753,0.5737175345420837
1,0.21827369928359985,0.9106220602989197,0.32919198274612427,0.7973962426185608,0.3824605643749237,0.694987416267395,0.43241453170776367,0.6322434544563293,0.4536898136138916,0.580043613910675,0.2398231327533722,0.5359270572662354,0.3416168689727783,0.43406230211257935,0.4126482307910919,0.4671841561794281,0.4417611360549927,0.5301014184951782,0.22593900561332703,0.539391279220581,0.35000091791152954,0.420953631401062,0.4240996241569519,0.47334417700767517,0.4439101219177246,0.546807050704956,0.23602968454360962,0.5631479024887085,0.34118929505348206,0.4355999827384949,0.4151875078678131,0.4831635057926178,0.43805402517318726,0.5508333444595337,0.2654421925544739,0.6009813547134399,0.34550604224205017,0.49616125226020813,0.4033299684524536,0.5176018476486206,0.43131008744239807,0.5650465488433838
1,0.2122424840927124,0.897296130657196,0.324264794588089,0.7970078587532043,0.3863731622695923,0.700868546962738,0.4432331323623657,0.6435047388076782,0.4611753225326538,0.5837082266807556,0.2699218690395355,0.5328007936477661,0.3489325940608978,0.4348933696746826,0.4132689833641052,0.4714135527610779,0.43950891494750977,0.5324554443359375,0.2499244213104248,0.5276833772659302,0.3505879044532776,0.42134958505630493,0.4210333228111267,0.4736778438091278,0.4410685896873474,0.5488952994346619,0.2465614676475525,0.5437748432159424,0.3419833779335022,0.41888248920440674,0.4179252088069916,0.46830111742019653,0.443339467048645,0.5382476449012756,0.2632097601890564,0.5777247548103333,0.34030404686927795,0.4676874279975891,0.40237540006637573,0.4925110936164856,0.4328446388244629,0.5463509559631348
1,0.211419478058815,0.8956764936447144,0.32400238513946533,0.7992371320724487,0.3848838806152344,0.7021364569664001,0.4428999423980713,0.6435048580169678,0.45670536160469055,0.5835533142089844,0.27578669786453247,0.5420038104057312,0.3509761691093445,0.4472367763519287,0.4173385500907898,0.4736044406890869,0.44358906149864197,0.5277724862098694,0.2584858536720276,0.5360851287841797,0.34887832403182983,0.4244747757911682,0.4230673015117645,0.4712654948234558,0.445093035697937,0.5448927283287048,0.2540280520915985,0.5453323125839233,0.3384295105934143,0.424726277589798,0.41666895151138306,0.46939098834991455,0.4422319233417511,0.5387412905693054,0.26651763916015625,0.5705029964447021,0.34331822395324707,0.46668878197669983,0.40412580966949463,0.488873153924942,0.4318963885307312,0.539930522441864
1,0.21250726282596588,0.8922160863876343,0.32387250661849976,0.8005334734916687,0.3853539228439331,0.7018418312072754,0.4427139461040497,0.6443085074424744,0.4566747844219208,0.5867542028427124,0.2713618278503418,0.5410165786743164,0.34863436222076416,0.4490257501602173,0.41399967670440674,0.47632384300231934,0.4402477741241455,0.5320741534233093,0.2540317177772522,0.5352044105529785,0.3471011519432068,0.42255669832229614,0.4216618537902832,0.4686815142631531,0.4448610246181488,0.5428961515426636,0.2504367530345917,0.545909583568573,0.3388480246067047,0.42306044697761536,0.41673803329467773,0.4674760103225708,0.4427383244037628,0.537224531173706,0.2638779282569885,0.5718427896499634,0.3433059751987457,0.46651291847229004,0.4035663604736328,0.4886484146118164,0.4314838945865631,0.539056658744812
1,0.2157682329416275,0.8754127025604248,0.32418543100357056,0.7967258095741272,0.39454329013824463,0.7113583087921143,0.4570204019546509,0.6530165672302246,0.4665953516960144,0.5793998837471008,0.2981979250907898,0.539711594581604,0.3648531138896942,0.4382307529449463,0.42943575978279114,0.46995264291763306,0.45538628101348877,0.528830349445343,0.27821922302246094,0.5341939926147461,0.3564233183860779,0.4124913215637207,0.4278923571109772,0.4629298746585846,0.45148274302482605,0.5331523418426514,0.2678360044956207,0.5409933924674988,0.347762793302536,0.4130713641643524,0.4245413541793823,0.4579539895057678,0.4517515301704407,0.5283602476119995,0.2731831967830658,0.5637434720993042,0.35191264748573303,0.462894082069397,0.41464659571647644,0.48555752635002136,0.44330620765686035,0.5373139977455139
1,0.21190111339092255,0.8725815415382385,0.3256954252719879,0.7991403937339783,0.3933553099632263,0.7135418653488159,0.456556111574173,0.6562997698783875,0.4688958525657654,0.5858829021453857,0.30029159784317017,0.5426580905914307,0.3621675968170166,0.4462917447090149,0.42414408922195435,0.4752541780471802,0.45075535774230957,0.5268872976303101,0.28134989738464355,0.5329396724700928,0.35524317622184753,0.4158398509025574,0.4272216856479645,0.4564681351184845,0.45335692167282104,0.523373544216156,0.2695137858390808,0.5364416837692261,0.3478284180164337,0.4166103005409241,0.4245107173919678,0.4580741822719574,0.45142990350723267,0.5259969234466553,0.2728208899497986,0.5573065280914307,0.3533390164375305,0.4612111449241638,0.41470614075660706,0.48400381207466125,0.44333139061927795,0.5361331105232239
1,0.22324679791927338,0.8587779998779297,0.32984986901283264,0.8007891774177551,0.403594046831131,0.716983437538147,0.4672304391860962,0.6556814908981323,0.47356244921684265,0.5858294367790222,0.3352661430835724,0.5546616315841675,0.3899993896484375,0.45716243982315063,0.443559467792511,0.48778849840164185,0.4637262225151062,0.5415523052215576,0.31483861804008484,0.5411162376403809,0.37577706575393677,0.4194914698600769,0.43885836005210876,0.4687044024467468,0.45978912711143494,0.5378565788269043,0.29488861560821533,0.5383704900741577,0.36208271980285645,0.4092087745666504,0.4335246682167053,0.4591001272201538,0.458688884973526,0.5314707159996033,0.2845141887664795,0.5497562885284424,0.3603101670742035,0.4496762752532959,0.42195558547973633,0.4784863591194153,0.45011910796165466,0.5321561098098755
1,0.21946175396442413,0.8516055345535278,0.3316555321216583,0.7959033250808716,0.4052182137966156,0.7138990163803101,0.46786195039749146,0.6537400484085083,0.47865206003189087,0.579813539981842,0.3370259404182434,0.5530461072921753,0.3881641626358032,0.4592719078063965,0.44201067090034485,0.4903891384601593,0.4646375775337219,0.5405745506286621,0.3172599971294403,0.5381647348403931,0.37666386365890503,0.4211222529411316,0.4422116279602051,0.4648571014404297,0.4654189944267273,0.5323869585990906,0.29692769050598145,0.5342214107513428,0.36248475313186646,0.41462182998657227,0.43404585123062134,0.4637085199356079,0.4585389494895935,0.5336931943893433,0.28578680753707886,0.5457428097724915,0.35776862502098083,0.4506855010986328,0.4173804521560669,0.47975724935531616,0.4453718662261963,0.5334503054618835
1,0.22366565465927124,0.8462342023849487,0.33304548263549805,0.7954080104827881,0.40566134452819824,0.7109208703041077,0.46735939383506775,0.6525766253471375,0.47856760025024414,0.5824115872383118,0.3372615873813629,0.5484457612037659,0.39051058888435364,0.4528501629829407,0.44514110684394836,0.4885391891002655,0.46617910265922546,0.5429629683494568,0.3174397051334381,0.5352434515953064,0.3784182369709015,0.41888606548309326,0.4441198706626892,0.4645380973815918,0.4649655222892761,0.5327416658401489,0.29701754450798035,0.5327050685882568,0.3638763725757599,0.4138645529747009,0.4352172315120697,0.46206843852996826,0.45776963233947754,0.5305127501487732,0.2858673632144928,0.54558926820755,0.35992181301116943,0.453182578086853,0.4193969964981079,0.4816510081291199,0.4455978274345398,0.5335367321968079
1,0.22857321798801422,0.8459946513175964,0.33603477478027344,0.7993642091751099,0.40987783670425415,0.7159914374351501,0.47317013144493103,0.6559587717056274,0.4832678437232971,0.5828215479850769,0.3526047468185425,0.5670688152313232,0.40229305624961853,0.470633327960968,0.45251837372779846,0.49679702520370483,0.4699085056781769,0.5435341596603394,0.3340189456939697,0.5491657257080078,0.39092400670051575,0.4289323687553406,0.45188432931900024,0.4722709059715271,0.4700179696083069,0.5389107465744019,0.311228483915329,0.5399197936058044,0.372595876455307,0.41612762212753296,0.4412332773208618,0.46548375487327576,0.462638795375824,0.5356315970420837,0.2936471700668335,0.5455403327941895,0.363593190908432,0.44637221097946167,0.42309242486953735,0.47512727975845337,0.44978877902030945,0.5294583439826965
1,0.23052288591861725,0.8419312238693237,0.33578479290008545,0.7998450994491577,0.40889257192611694,0.7164387106895447,0.4717496633529663,0.6590803265571594,0.48689743876457214,0.590488076210022,0.3552166521549225,0.5667127370834351,0.40046054124832153,0.4747265875339508,0.4509783387184143,0.49889785051345825,0.4722118377685547,0.5435546636581421,0.3361828327178955,0.5493259429931641,0.3874729871749878,0.4292750954627991,0.44966399669647217,0.46603089570999146,0.4716399013996124,0.5308378338813782,0.3128245174884796,0.5398921370506287,0.37165966629981995,0.4178673028945923,0.4398323595523834,0.4632071256637573,0.46292293071746826,0.5320595502853394,0.2948441207408905,0.5442947149276733,0.36333709955215454,0.45236140489578247,0.4209165871143341,0.4794594645500183,0.44819381833076477,0.5317044854164124
1,0.23861795663833618,0.845374345779419,0.34315648674964905,0.8017694354057312,0.41361120343208313,0.7152039408683777,0.47268757224082947,0.656069278717041,0.4841046929359436,0.5862950086593628,0.35726189613342285,0.5712005496025085,0.3988204300403595,0.47936585545539856,0.45082712173461914,0.5002728700637817,0.47389867901802063,0.5428640246391296,0.33933061361312866,0.5546738505363464,0.3867252767086029,0.43324774503707886,0.4506598114967346,0.46844571828842163,0.47388866543769836,0.5333641767501831,0.3165065050125122,0.5448527932167053,0.3732165992259979,0.42063164710998535,0.44279223680496216,0.46679458022117615,0.4659156799316406,0.5375548601150513,0.298082172870636,0.5488038063049316,0.3670729398727417,0.4550642967224121,0.4256327152252197,0.4842508137226105,0.4514680504798889,0.5403704047203064
1,0.23884566128253937,0.8447084426879883,0.34342366456985474,0.8021277785301208,0.4151347577571869,0.7171812653541565,0.4756942391395569,0.6587559580802917,0.4848799407482147,0.5884453654289246,0.35734742879867554,0.57320636510849,0.4013822376728058,0.4804573059082031,0.45162975788116455,0.5033158659934998,0.47194904088974,0.5472152829170227,0.3389497995376587,0.5560153126716614,0.3890991806983948,0.43442490696907043,0.4515571892261505,0.4699562191963196,0.4730212688446045,0.5344659090042114,0.3157271146774292,0.5456740260124207,0.3738003373146057,0.4210004210472107,0.4427594542503357,0.4656100571155548,0.46517735719680786,0.5348334312438965,0.2972911596298218,0.5493413209915161,0.36682644486427307,0.45479536056518555,0.4256727695465088,0.48185521364212036,0.4522152245044708,0.5359292030334473
1,0.2404896467924118,0.8489987850189209,0.34748682379722595,0.8018690347671509,0.4160832464694977,0.7202820777893066,0.47375985980033875,0.6623458862304688,0.4850703477859497,0.5957616567611694,0.3602965772151947,0.5758330225944519,0.40306130051612854,0.4830189347267151,0.45363882184028625,0.5064637064933777,0.47481974959373474,0.5507873296737671,0.34156230092048645,0.55901038646698,0.389921098947525,0.43797096610069275,0.45247912406921387,0.47547897696495056,0.47458890080451965,0.5427847504615784,0.318384051322937,0.5494062900543213,0.3752133548259735,0.4251079261302948,0.44376257061958313,0.4726303815841675,0.4670622646808624,0.5441502332687378,0.29960381984710693,0.5553754568099976,0.3685535192489624,0.4621761441230774,0.4279852509498596,0.48894840478897095,0.45561009645462036,0.5425463318824768
1,0.23925645649433136,0.8490435481071472,0.3455424904823303,0.8045856356620789,0.4160979986190796,0.7206623554229736,0.474735826253891,0.662256121635437,0.48641952872276306,0.5956794023513794,0.3607363700866699,0.5764440894126892,0.40323567390441895,0.48243069648742676,0.45463478565216064,0.5053903460502625,0.47754615545272827,0.550169825553894,0.3415687680244446,0.559525191783905,0.3894974887371063,0.4367320239543915,0.4533582031726837,0.47154927253723145,0.47685036063194275,0.5375028848648071,0.31792086362838745,0.5500636696815491,0.3748573362827301,0.4240172505378723,0.4448097050189972,0.46902012825012207,0.46877652406692505,0.5397865176200867,0.29935744404792786,0.5555141568183899,0.36837321519851685,0.460665225982666,0.4277280271053314,0.487507700920105,0.45481404662132263,0.5422525405883789
1,0.23952001333236694,0.8485864400863647,0.34525445103645325,0.8046507835388184,0.41598057746887207,0.7211378216743469,0.4748775362968445,0.6629096865653992,0.4877921938896179,0.5959347486495972,0.36122626066207886,0.5759750008583069,0.40303725004196167,0.4833485186100006,0.4541359543800354,0.5048287510871887,0.4768315553665161,0.5485074520111084,0.34216374158859253,0.5591864585876465,0.3890734016895294,0.4372400641441345,0.45263540744781494,0.470924973487854,0.4762807786464691,0.5366367697715759,0.31852585077285767,0.5497379302978516,0.37471503019332886,0.42463839054107666,0.4441010057926178,0.468595027923584,0.4680464565753937,0.5389841198921204,0.299818754196167,0.5550792813301086,0.36851897835731506,0.4613223075866699,0.427472323179245,0.487409770488739,0.4546503722667694,0.5413330793380737
1,0.24032048881053925,0.8501526713371277,0.3451218903064728,0.8083651065826416,0.4176669716835022,0.72211754322052,0.47606343030929565,0.6616682410240173,0.48382502794265747,0.5930231809616089,0.36258405447006226,0.5782715082168579,0.40615975856781006,0.48154139518737793,0.45663267374038696,0.5051779747009277,0.47672951221466064,0.5505449175834656,0.34274420142173767,0.561755895614624,0.39065003395080566,0.4371556043624878,0.4533803462982178,0.4742063879966736,0.4747350513935089,0.5395011901855469,0.3181339502334595,0.5522804856300354,0.3747952878475189,0.4244455099105835,0.4428895115852356,0.46996670961380005,0.46428734064102173,0.5394730567932129,0.29760026931762695,0.5570634007453918,0.36763107776641846,0.4646264910697937,0.42634204030036926,0.49152523279190063,0.45193570852279663,0.5438207983970642
1,0.24055194854736328,0.850786030292511,0.34513646364212036,0.8079160451889038,0.417538583278656,0.7217831015586853,0.47590532898902893,0.6614350080490112,0.48404252529144287,0.5931004881858826,0.3625343143939972,0.5772929191589355,0.40562570095062256,0.4806937873363495,0.45638710260391235,0.5042521357536316,0.47701114416122437,0.5490637421607971,0.34259897470474243,0.5613444447517395,0.39030635356903076,0.4373520016670227,0.45303797721862793,0.4746636748313904,0.47475433349609375,0.5397657752037048,0.31794285774230957,0.5522359609603882,0.3743883967399597,0.4251224994659424,0.4425916075706482,0.47068244218826294,0.464620977640152,0.5400261878967285,0.2972906231880188,0.5574566721916199,0.367131769657135,0.46529921889305115,0.42597323656082153,0.4920211434364319,0.4520697593688965,0.544051468372345
1,0.23634836077690125,0.8524258136749268,0.3393363654613495,0.8112883567810059,0.4120407700538635,0.7242987155914307,0.4712212383747101,0.6652432680130005,0.483055979013443,0.595679521560669,0.35797038674354553,0.5797224044799805,0.4009956121444702,0.4843505918979645,0.45114707946777344,0.5079764723777771,0.471104234457016,0.5541771650314331,0.33793655037879944,0.5628527998924255,0.38670939207077026,0.4384985566139221,0.44929444789886475,0.4755284786224365,0.4709397256374359,0.5418856739997864,0.3131791651248932,0.5530354380607605,0.369956910610199,0.4248284101486206,0.438065767288208,0.4694579243659973,0.46131959557533264,0.5380289554595947,0.2921714186668396,0.5571274161338806,0.3615189492702484,0.46467557549476624,0.420501708984375,0.49013763666152954,0.44863614439964294,0.5401676893234253
1,0.235825777053833,0.8522160053253174,0.33924171328544617,0.8089655041694641,0.41131749749183655,0.7218031287193298,0.47017234563827515,0.6631371974945068,0.4817104935646057,0.5973643660545349,0.3580247163772583,0.5759034156799316,0.399528831243515,0.4801493287086487,0.44979536533355713,0.5051193237304688,0.46936437487602234,0.5528994798660278,0.33875444531440735,0.560122549533844,0.3855019807815552,0.4362703561782837,0.44791942834854126,0.47423726320266724,0.46822625398635864,0.5417580008506775,0.31460773944854736,0.5515890717506409,0.3699392080307007,0.4243764281272888,0.4379628300666809,0.4703824520111084,0.4599367082118988,0.5405040383338928,0.29439350962638855,0.5572487711906433,0.3625245690345764,0.46380648016929626,0.42125245928764343,0.4898874759674072,0.44796013832092285,0.5414493083953857
1,0.23565198481082916,0.8524337410926819,0.33928313851356506,0.809033989906311,0.4113917350769043,0.7220221161842346,0.470240980386734,0.6632920503616333,0.4819563627243042,0.5975691080093384,0.3582472503185272,0.57625412940979,0.39986491203308105,0.48021912574768066,0.4499039053916931,0.5053288340568542,0.46943187713623047,0.5529739856719971,0.33884161710739136,0.5604301691055298,0.38570889830589294,0.4364587664604187,0.448064386844635,0.47451773285865784,0.4686165452003479,0.5420191884040833,0.31467026472091675,0.5517792701721191,0.37007656693458557,0.424459308385849,0.43807557225227356,0.470539391040802,0.46035513281822205,0.5406795144081116,0.2944651246070862,0.5572216510772705,0.36253952980041504,0.4636373519897461,0.42122191190719604,0.4897189140319824,0.44819098711013794,0.5411758422851562
1,0.22958719730377197,0.8513964414596558,0.3307397961616516,0.8098810911178589,0.4052925407886505,0.7236356139183044,0.4658719599246979,0.662964403629303,0.4744563698768616,0.5931316614151001,0.35146600008010864,0.578357458114624,0.3946170508861542,0.476033478975296,0.4455893337726593,0.5024963021278381,0.466877818107605,0.5529007911682129,0.33034324645996094,0.5628865957260132,0.37915176153182983,0.4357982873916626,0.4424351155757904,0.4723590314388275,0.4661807417869568,0.538377583026886,0.3049424886703491,0.554310142993927,0.36126551032066345,0.42371416091918945,0.4289984107017517,0.4657290279865265,0.45387640595436096,0.5334032773971558,0.28252553939819336,0.5593598484992981,0.3515845239162445,0.46734631061553955,0.41116634011268616,0.48970258235931396,0.4414934515953064,0.5372999310493469
1,0.23275694251060486,0.8519335985183716,0.33202317357063293,0.8105351328849792,0.40496134757995605,0.7218190431594849,0.46312448382377625,0.6586732268333435,0.47260376811027527,0.5896422863006592,0.35530194640159607,0.5795082449913025,0.39475685358047485,0.4805300235748291,0.4453144371509552,0.5039869546890259,0.4673810601234436,0.5502614378929138,0.3352662920951843,0.563541054725647,0.37964481115341187,0.4370000660419464,0.4416903257369995,0.470794141292572,0.46537262201309204,0.5347003936767578,0.3095386028289795,0.5543131828308105,0.36187681555747986,0.4243139624595642,0.4278569519519806,0.46622657775878906,0.45186352729797363,0.5342954397201538,0.2861086130142212,0.5583378672599792,0.352897971868515,0.4670971632003784,0.411269873380661,0.4894896149635315,0.44024795293807983,0.5380242466926575
1,0.2188928723335266,0.853951632976532,0.3180500864982605,0.8121130466461182,0.39231181144714355,0.7255292534828186,0.45400574803352356,0.6646534204483032,0.4647779166698456,0.5942375063896179,0.3378596007823944,0.574142336845398,0.38180944323539734,0.46933215856552124,0.43427449464797974,0.4957897961139679,0.45716533064842224,0.5473456978797913,0.31633150577545166,0.559861421585083,0.36570054292678833,0.43293705582618713,0.429750919342041,0.4669875502586365,0.4551807641983032,0.5309598445892334,0.2916873097419739,0.5537734031677246,0.34948092699050903,0.4246545433998108,0.418204665184021,0.46469536423683167,0.4451289772987366,0.5307611227035522,0.2715778946876526,0.5616135001182556,0.34273433685302734,0.47041499614715576,0.40343964099884033,0.4917314648628235,0.43549227714538574,0.5382804870605469
1,0.21804918348789215,0.8578813076019287,0.32007846236228943,0.8120424747467041,0.3925974667072296,0.724387526512146,0.45208215713500977,0.6600998044013977,0.46545523405075073,0.5885360240936279,0.33831387758255005,0.5776930451393127,0.3807860314846039,0.4784884750843048,0.43360990285873413,0.5010116100311279,0.4594501852989197,0.5450185537338257,0.3185809552669525,0.5618274211883545,0.3652084767818451,0.4363187849521637,0.4292997717857361,0.4669507145881653,0.45705702900886536,0.5279847979545593,0.29403072595596313,0.5541061162948608,0.34963348507881165,0.4263119399547577,0.418701171875,0.46645277738571167,0.44659698009490967,0.5334842801094055,0.27436181902885437,0.5594869256019592,0.3439319431781769,0.4683077335357666,0.4039195775985718,0.49207720160484314,0.4351160228252411,0.5424496531486511
1,0.20632411539554596,0.8568007349967957,0.3061230182647705,0.8111860752105713,0.378228098154068,0.7213674783706665,0.4405262768268585,0.6627556085586548,0.45761895179748535,0.5968946814537048,0.31288671493530273,0.562444806098938,0.3601212799549103,0.4617725610733032,0.4174767732620239,0.4884790778160095,0.44333165884017944,0.5410202741622925,0.2920166850090027,0.5494725108146667,0.3472945988178253,0.4262305498123169,0.4162582755088806,0.45945772528648376,0.4434592127799988,0.5228009223937988,0.27109354734420776,0.5467155575752258,0.33501332998275757,0.4210755527019501,0.40738004446029663,0.4600393772125244,0.4347939193248749,0.5249868631362915,0.25894489884376526,0.5600124597549438,0.33411744236946106,0.4731978178024292,0.3954237699508667,0.49632781744003296,0.4259984493255615,0.5436177253723145
1,0.20850281417369843,0.8591268658638,0.3094607889652252,0.8080651760101318,0.3797570466995239,0.72218918800354,0.43987974524497986,0.6589916944503784,0.45412927865982056,0.5864505767822266,0.31888410449028015,0.5671361684799194,0.36579251289367676,0.46597909927368164,0.4195725619792938,0.4930390417575836,0.44398021697998047,0.5394924879074097,0.29846662282943726,0.5533484220504761,0.35200271010398865,0.4306171238422394,0.41775256395339966,0.467692494392395,0.44342342019081116,0.5313370227813721,0.2763456106185913,0.549460768699646,0.33673974871635437,0.4257720112800598,0.40749427676200867,0.4691509008407593,0.43398332595825195,0.5361699461936951,0.26225703954696655,0.5604553818702698,0.33384495973587036,0.4676377773284912,0.3942263424396515,0.49208199977874756,0.42392730712890625,0.5420656204223633
1,0.20938493311405182,0.8578207492828369,0.3112327456474304,0.8062040209770203,0.3805950880050659,0.7204194068908691,0.43891701102256775,0.6580848693847656,0.453252375125885,0.5864036083221436,0.31956154108047485,0.56514573097229,0.3665265142917633,0.4660390317440033,0.42034363746643066,0.49484729766845703,0.44459351897239685,0.5418869853019714,0.29956620931625366,0.5516661405563354,0.35332992672920227,0.4300890564918518,0.41928794980049133,0.4684639573097229,0.44413283467292786,0.5325459837913513,0.2774696350097656,0.5479807257652283,0.3381851017475128,0.42369717359542847,0.4093118906021118,0.46786463260650635,0.43513813614845276,0.5356279611587524,0.26329946517944336,0.5592539310455322,0.3351648449897766,0.466624915599823,0.39519429206848145,0.4920852780342102,0.42357155680656433,0.543163537979126
1,0.193974569439888,0.8638564348220825,0.30081650614738464,0.8071467876434326,0.3694870173931122,0.7165560126304626,0.43196994066238403,0.6547722816467285,0.44292038679122925,0.5835613012313843,0.29032275080680847,0.5584537982940674,0.3417174816131592,0.46230530738830566,0.4012567102909088,0.485592246055603,0.43016037344932556,0.5323894023895264,0.2704273462295532,0.5446798801422119,0.3315308690071106,0.42507195472717285,0.40313243865966797,0.45377373695373535,0.4343244433403015,0.5154607892036438,0.25243937969207764,0.5422114133834839,0.3203834891319275,0.41911080479621887,0.3960246741771698,0.455227792263031,0.4267770051956177,0.5183624625205994,0.24583840370178223,0.5581496357917786,0.3238418400287628,0.4670787453651428,0.3853209912776947,0.4888574481010437,0.41727229952812195,0.5370318293571472
1,0.19291071593761444,0.8663690686225891,0.30218368768692017,0.8060601353645325,0.3699442148208618,0.7166013121604919,0.4317101240158081,0.6540114283561707,0.4407500624656677,0.582393229007721,0.2948806583881378,0.5550743341445923,0.347296804189682,0.45735883712768555,0.40510669350624084,0.48670482635498047,0.4300980567932129,0.5369963645935059,0.2753915786743164,0.5421982407569885,0.33764225244522095,0.4244864583015442,0.40708255767822266,0.4624716639518738,0.43259742856025696,0.5282504558563232,0.257310688495636,0.5406999588012695,0.32462993264198303,0.42156073451042175,0.40040814876556396,0.4633443355560303,0.4281332492828369,0.5291972160339355,0.2497989535331726,0.556782603263855,0.32464277744293213,0.46033862233161926,0.3865572214126587,0.4855165481567383,0.4166136682033539,0.5383707880973816
1,0.1820031702518463,0.8826488256454468,0.29971322417259216,0.799238920211792,0.3636590242385864,0.7024973034858704,0.4213172197341919,0.6387348175048828,0.4316229224205017,0.5719656348228455,0.2470518946647644,0.5393717288970947,0.3192693889141083,0.4438568353652954,0.3858712911605835,0.4701632261276245,0.41812485456466675,0.5202760100364685,0.22930745780467987,0.5290334224700928,0.31999191641807556,0.41744500398635864,0.3964540958404541,0.4608953893184662,0.42578673362731934,0.5312351584434509,0.22563183307647705,0.5345993638038635,0.31342634558677673,0.4138646721839905,0.39231762290000916,0.46055901050567627,0.42057013511657715,0.5320768356323242,0.23906967043876648,0.5623233318328857,0.32038071751594543,0.46309447288513184,0.38245636224746704,0.4874472916126251,0.412409245967865,0.5395516753196716
1,0.18602679669857025,0.8856392502784729,0.29839086532592773,0.8002696633338928,0.3634604513645172,0.7045097351074219,0.4225926995277405,0.6406327486038208,0.4310046434402466,0.5723102688789368,0.25920379161834717,0.5423413515090942,0.3270551264286041,0.4473459720611572,0.3916676640510559,0.4692680835723877,0.41967085003852844,0.5192088484764099,0.239716038107872,0.5358890891075134,0.31987014412879944,0.4150516986846924,0.39472055435180664,0.45599567890167236,0.4223251938819885,0.5247797966003418,0.23140797019004822,0.5430268049240112,0.31267857551574707,0.41431725025177,0.3924752473831177,0.4542417824268341,0.4220997393131256,0.5223946571350098,0.2407970428466797,0.568615734577179,0.32077109813690186,0.4685364067554474,0.3825714588165283,0.48847877979278564,0.4120253622531891,0.537298858165741
1,0.1804099977016449,0.8956727981567383,0.2963440418243408,0.7976112961769104,0.3565801978111267,0.6968054175376892,0.41200149059295654,0.6342284083366394,0.4317655563354492,0.5725885033607483,0.24061299860477448,0.5416545271873474,0.3134250044822693,0.44709834456443787,0.3811178207397461,0.46383559703826904,0.414144903421402,0.511756420135498,0.22497129440307617,0.5346026420593262,0.31378039717674255,0.41493654251098633,0.3943590819835663,0.45134347677230835,0.4254893362522125,0.5232385396957397,0.22323384881019592,0.5406970977783203,0.3080156445503235,0.4175472855567932,0.3893642723560333,0.4562476873397827,0.41982635855674744,0.5223973989486694,0.240352600812912,0.5623618960380554,0.3206968605518341,0.4677034020423889,0.3813328444957733,0.48625046014785767,0.41084301471710205,0.5325915813446045
1,0.18382048606872559,0.8985131978988647,0.29881560802459717,0.7976328134536743,0.35824403166770935,0.691551148891449,0.4148794114589691,0.624311089515686,0.42646849155426025,0.560048520565033,0.23911982774734497,0.5365015864372253,0.31647637486457825,0.43638813495635986,0.3863886892795563,0.4590645432472229,0.417550265789032,0.5139247179031372,0.2213732749223709,0.5310555696487427,0.31339114904403687,0.40946102142333984,0.39379358291625977,0.44937217235565186,0.42304104566574097,0.5218461751937866,0.21847429871559143,0.540480375289917,0.3055179715156555,0.41466963291168213,0.38787686824798584,0.4529850482940674,0.4187379479408264,0.5206990242004395,0.23608267307281494,0.5678869485855103,0.31636226177215576,0.46818721294403076,0.37839293479919434,0.4869220554828644,0.40923941135406494,0.5350549817085266
1,0.18159480392932892,0.9003695249557495,0.29916009306907654,0.7942857146263123,0.35754483938217163,0.6918084621429443,0.412983238697052,0.625650942325592,0.42710596323013306,0.5637836456298828,0.24504199624061584,0.5415908098220825,0.3198234438896179,0.4400739073753357,0.3887780010700226,0.46219921112060547,0.41873639822006226,0.5157362818717957,0.2268667221069336,0.5362573862075806,0.31685176491737366,0.4148755967617035,0.3968832492828369,0.4575868844985962,0.425503134727478,0.5316662788391113,0.22289691865444183,0.5429786443710327,0.30523115396499634,0.41683006286621094,0.388252317905426,0.4579029977321625,0.4204504191875458,0.5264019966125488,0.2384367138147354,0.5663043260574341,0.3149420917034149,0.46678096055984497,0.37749215960502625,0.48618653416633606,0.4099704623222351,0.5340607166290283
1,0.1895381212234497,0.9017040133476257,0.3033391237258911,0.8032121062278748,0.3620072603225708,0.6972641944885254,0.4167385697364807,0.6296903491020203,0.4289279580116272,0.5628741979598999,0.2488081455230713,0.5410256385803223,0.3173527419567108,0.4379398226737976,0.383657306432724,0.4587385654449463,0.41398951411247253,0.511677622795105,0.22918395698070526,0.5349992513656616,0.3112272322177887,0.4092962145805359,0.3895813822746277,0.44705450534820557,0.4197641611099243,0.5200480222702026,0.2220432162284851,0.5431419014930725,0.3015119433403015,0.41177695989608765,0.3836730420589447,0.44845956563949585,0.4156905710697174,0.5161914825439453,0.23413150012493134,0.5681502223014832,0.3103613555431366,0.46238452196121216,0.3730742335319519,0.4784848690032959,0.405648410320282,0.5250653028488159
1,0.187417134642601,0.9019371271133423,0.3020555377006531,0.8002357482910156,0.3607737421989441,0.6965308785438538,0.4156358242034912,0.6322132349014282,0.4298554062843323,0.5705083012580872,0.2471010684967041,0.5412731170654297,0.31688544154167175,0.4376676082611084,0.38341620564460754,0.4606292247772217,0.4130982458591461,0.514823317527771,0.22859495878219604,0.5355076789855957,0.3120587468147278,0.4097437262535095,0.39048802852630615,0.4500434994697571,0.4195981025695801,0.5243275165557861,0.22325310111045837,0.5434625744819641,0.3019634485244751,0.41167062520980835,0.38400161266326904,0.44993025064468384,0.41614222526550293,0.5182293653488159,0.23697581887245178,0.5684141516685486,0.3114515542984009,0.46392711997032166,0.3740305006504059,0.4807112514972687,0.40700146555900574,0.5275437831878662
1,0.1936112493276596,0.9076898694038391,0.30866539478302,0.810995876789093,0.36885491013526917,0.7054285407066345,0.42571431398391724,0.6356961727142334,0.4291059374809265,0.5710243582725525,0.25923433899879456,0.5566586852073669,0.3162241578102112,0.45252591371536255,0.3819541335105896,0.4659537076950073,0.41272255778312683,0.512262225151062,0.23946908116340637,0.5494385361671448,0.30643928050994873,0.418487012386322,0.38481438159942627,0.44821226596832275,0.41751301288604736,0.5174583196640015,0.2297673523426056,0.554953396320343,0.2961462438106537,0.4210929572582245,0.3792894184589386,0.4500712454319,0.41381946206092834,0.5143598914146423,0.2372388243675232,0.5787876844406128,0.3070167899131775,0.4709045886993408,0.3700527250766754,0.48153823614120483,0.4042707085609436,0.5265392065048218
1,0.1986420452594757,0.9024344682693481,0.3080073893070221,0.8162992000579834,0.37124887108802795,0.7076594829559326,0.4288984537124634,0.6339568495750427,0.432007759809494,0.5671839714050293,0.266718327999115,0.5557140111923218,0.31931719183921814,0.44863569736480713,0.38399413228034973,0.4663136899471283,0.41514521837234497,0.5160502791404724,0.24555233120918274,0.5473328828811646,0.30973803997039795,0.418066143989563,0.387418270111084,0.45253878831863403,0.41831734776496887,0.5224565267562866,0.23257561028003693,0.5521745085716248,0.29730290174484253,0.41656750440597534,0.380112886428833,0.44908347725868225,0.41347435116767883,0.5149904489517212,0.23483458161354065,0.5734760761260986,0.30427077412605286,0.4633924663066864,0.36838921904563904,0.4766860604286194,0.40240758657455444,0.523561954498291
1,0.1944342702627182,0.9032728672027588,0.3070722818374634,0.8162577748298645,0.370425820350647,0.7072790265083313,0.429268479347229,0.6353988647460938,0.43347448110580444,0.5717268586158752,0.2637268602848053,0.5551884770393372,0.3182656466960907,0.4506646990776062,0.3821892738342285,0.47006234526634216,0.4122946560382843,0.52004474401474,0.24269437789916992,0.545795738697052,0.30880433320999146,0.4204227328300476,0.3864177465438843,0.45477724075317383,0.41801998019218445,0.5245070457458496,0.23067636787891388,0.549603283405304,0.29676586389541626,0.4187469780445099,0.37912917137145996,0.45058172941207886,0.4125826954841614,0.5153772234916687,0.2348884493112564,0.5712389349937439,0.3046606481075287,0.4632776975631714,0.368429034948349,0.47555065155029297,0.4029811918735504,0.5204774737358093
1,0.19750376045703888,0.9140435457229614,0.3081819415092468,0.8110228776931763,0.36766743659973145,0.7000085711479187,0.4218224287033081,0.6269341111183167,0.4247508645057678,0.5670127868652344,0.2375141978263855,0.552216112613678,0.30281898379325867,0.4407678246498108,0.37315788865089417,0.4626900553703308,0.4074257016181946,0.5175042748451233,0.2181602418422699,0.5466412901878357,0.3015238344669342,0.417755663394928,0.38554078340530396,0.4600328803062439,0.417291522026062,0.5325722098350525,0.21462467312812805,0.5544503331184387,0.288880854845047,0.419910192489624,0.37575095891952515,0.45599520206451416,0.4098925292491913,0.5232437252998352,0.2317982017993927,0.5788160562515259,0.3012959063053131,0.4633961319923401,0.36713069677352905,0.47591090202331543,0.40179896354675293,0.522472620010376
1,0.20005172491073608,0.9167441725730896,0.3109815716743469,0.8100389242172241,0.3687487840652466,0.70047926902771,0.42315584421157837,0.6266119480133057,0.419461727142334,0.5591462254524231,0.24725079536437988,0.5525492429733276,0.30908477306365967,0.4408702552318573,0.3753053843975067,0.45940810441970825,0.40512341260910034,0.5123451948165894,0.2263343334197998,0.5495447516441345,0.30152463912963867,0.4167909622192383,0.3805690407752991,0.45082026720046997,0.41221147775650024,0.5201321840286255,0.2188296616077423,0.5579066276550293,0.28878381848335266,0.4202054440975189,0.37281733751296997,0.44807034730911255,0.4083707928657532,0.5117073059082031,0.23046007752418518,0.5822597742080688,0.29810044169425964,0.4655108153820038,0.3619269132614136,0.4718008041381836,0.398150771856308,0.5131193399429321
1,0.19563448429107666,0.9234437346458435,0.30700498819351196,0.800193727016449,0.3575734794139862,0.6843390464782715,0.4020056128501892,0.6078329682350159,0.4109359085559845,0.5503369569778442,0.1933974325656891,0.5444074869155884,0.2816992998123169,0.42857179045677185,0.35756441950798035,0.44561392068862915,0.3997036814689636,0.5001616477966309,0.18072737753391266,0.5439469218254089,0.2919755280017853,0.4034486413002014,0.3771413564682007,0.4460737407207489,0.4111388325691223,0.5219261646270752,0.1899864822626114,0.5597606897354126,0.2814575135707855,0.4188495874404907,0.36746564507484436,0.4502502679824829,0.40579307079315186,0.5175173282623291,0.22246026992797852,0.5918177962303162,0.29348164796829224,0.4743305742740631,0.3581411838531494,0.48074233531951904,0.39780694246292114,0.5223544239997864
1,0.20022746920585632,0.918578028678894,0.3078897297382355,0.7920166254043579,0.3584023118019104,0.6772968769073486,0.39786022901535034,0.6038971543312073,0.4147208631038666,0.5447649359703064,0.19757556915283203,0.5402701497077942,0.28451085090637207,0.41958919167518616,0.3600006699562073,0.4425039291381836,0.399183452129364,0.49893510341644287,0.1792156994342804,0.545131504535675,0.29160287976264954,0.40272247791290283,0.37343403697013855,0.44836127758026123,0.40544408559799194,0.52088862657547,0.18627649545669556,0.5662036538124084,0.28171634674072266,0.41634422540664673,0.36479905247688293,0.4531251788139343,0.40051349997520447,0.5178260207176208,0.2151232659816742,0.6007053852081299,0.288459837436676,0.48185378313064575,0.3519578278064728,0.4910702705383301,0.38869181275367737,0.5297728180885315
1,0.1960325539112091,0.9197100400924683,0.3015684485435486,0.7796855568885803,0.3463370203971863,0.6719896197319031,0.3889825642108917,0.6070847511291504,0.4094187915325165,0.5542625784873962,0.18530964851379395,0.5393011569976807,0.28146597743034363,0.42109414935112,0.35555458068847656,0.4590115547180176,0.3892463743686676,0.5216348767280579,0.17059177160263062,0.5485516786575317,0.29041528701782227,0.402881920337677,0.3713061809539795,0.4597219228744507,0.39703279733657837,0.5329598188400269,0.18243813514709473,0.5741711258888245,0.28112706542015076,0.42298629879951477,0.3621818423271179,0.4697834849357605,0.39030659198760986,0.5352587699890137,0.21475239098072052,0.6116214394569397,0.28865283727645874,0.4921635389328003,0.35126808285713196,0.5028529167175293,0.3847656846046448,0.5402491092681885
1,0.19851981103420258,0.9207284450531006,0.30096277594566345,0.7827632427215576,0.3435969054698944,0.6738342046737671,0.3859248459339142,0.6061545610427856,0.4039660096168518,0.5477404594421387,0.18165624141693115,0.5442511439323425,0.2795601785182953,0.4254295825958252,0.3536700904369354,0.45456820726394653,0.3892107605934143,0.5088692903518677,0.1694951206445694,0.5527693629264832,0.2895500659942627,0.4038240313529968,0.3698102831840515,0.4541381001472473,0.3983807861804962,0.5253825783729553,0.18430276215076447,0.5764126777648926,0.28288158774375916,0.432759165763855,0.36297470331192017,0.47334975004196167,0.39281001687049866,0.5353115200996399,0.21867790818214417,0.6128471493721008,0.28945791721343994,0.49577826261520386,0.3508743345737457,0.505222499370575,0.38603052496910095,0.542836606502533
1,0.19899819791316986,0.9213074445724487,0.29991674423217773,0.7842302322387695,0.3426978886127472,0.6744740605354309,0.3860253393650055,0.6064918041229248,0.4015342593193054,0.547568678855896,0.18246595561504364,0.5457109212875366,0.2773423492908478,0.42646095156669617,0.35119807720184326,0.4531330466270447,0.3880433142185211,0.5075953006744385,0.17157407104969025,0.5542606711387634,0.28855952620506287,0.4040709137916565,0.3688909411430359,0.4518811106681824,0.3978021442890167,0.5221028327941895,0.18616406619548798,0.5771921277046204,0.28079134225845337,0.4324190020561218,0.36185383796691895,0.4705754220485687,0.39349308609962463,0.5322105288505554,0.22152447700500488,0.6120913624763489,0.2896714508533478,0.4957417845726013,0.3507506847381592,0.5047304034233093,0.3865818381309509,0.5419580936431885
1,0.20029979944229126,0.923967182636261,0.3027976155281067,0.7873328924179077,0.3442298471927643,0.6774441599845886,0.38457226753234863,0.6102784276008606,0.40137505531311035,0.5518541932106018,0.18130645155906677,0.5455183982849121,0.27759942412376404,0.42929673194885254,0.35026395320892334,0.4568411111831665,0.3863975405693054,0.5117740631103516,0.16924670338630676,0.5575444102287292,0.2849700450897217,0.4077603220939636,0.36562618613243103,0.4524397850036621,0.39826250076293945,0.5213366746902466,0.1844450682401657,0.5836778283119202,0.27786827087402344,0.4362369775772095,0.35811805725097656,0.4704187214374542,0.3913431763648987,0.5296448469161987,0.21975816786289215,0.6218611598014832,0.28781968355178833,0.5067561864852905,0.3468782603740692,0.5102783441543579,0.38215914368629456,0.5422695279121399
1,0.20106397569179535,0.9222576022148132,0.3023713231086731,0.7878143191337585,0.34434980154037476,0.6770533919334412,0.38324442505836487,0.6103832721710205,0.40072697401046753,0.553183913230896,0.18128550052642822,0.547543466091156,0.2779746651649475,0.42832037806510925,0.35154080390930176,0.45679134130477905,0.3872040808200836,0.512898862361908,0.16890858113765717,0.5587987899780273,0.2868986129760742,0.4072304964065552,0.36816132068634033,0.4534947872161865,0.3993293046951294,0.5239636898040771,0.1840127557516098,0.5845363140106201,0.28015977144241333,0.4359135627746582,0.3609926998615265,0.4723968207836151,0.3933632969856262,0.5340172052383423,0.21879437565803528,0.6228063106536865,0.2868664860725403,0.5049509406089783,0.3468605875968933,0.5105431079864502,0.38238072395324707,0.5453827381134033
1,0.20541149377822876,0.9263620972633362,0.305050790309906,0.7869104743003845,0.3457828164100647,0.6791163086891174,0.38918817043304443,0.6107259392738342,0.40770676732063293,0.5499318242073059,0.18974526226520538,0.5519524216651917,0.2808832824230194,0.43334871530532837,0.3528876304626465,0.4587762951850891,0.38856372237205505,0.513899564743042,0.17685264348983765,0.562468945980072,0.2887626886367798,0.41466081142425537,0.3685109317302704,0.45883798599243164,0.39846038818359375,0.5278459787368774,0.18899884819984436,0.5862215757369995,0.277936726808548,0.4392938017845154,0.35868215560913086,0.47405681014060974,0.3911929726600647,0.5343367457389832,0.2215653657913208,0.6200792789459229,0.2862057089805603,0.5045180916786194,0.3463273048400879,0.5106582641601562,0.38192498683929443,0.5457913875579834
1,0.20396271347999573,0.9246882200241089,0.3045172691345215,0.7887606620788574,0.3464936316013336,0.6772611737251282,0.3879815936088562,0.6095787882804871,0.4074684977531433,0.5563199520111084,0.18456876277923584,0.5479524731636047,0.2748483419418335,0.4314049482345581,0.34883397817611694,0.45399534702301025,0.38824066519737244,0.5062789916992188,0.17219838500022888,0.5595328211784363,0.2845554053783417,0.41349273920059204,0.36589187383651733,0.4540413022041321,0.397501140832901,0.5191949605941772,0.18615925312042236,0.5852681994438171,0.2756368815898895,0.438559889793396,0.3564135432243347,0.4699432849884033,0.38970404863357544,0.5274777412414551,0.2203819453716278,0.6216497421264648,0.2860887050628662,0.5070072412490845,0.3455010652542114,0.5101590752601624,0.3810766637325287,0.5422424674034119
1,0.20374149084091187,0.9240309596061707,0.303257554769516,0.7874150276184082,0.34579628705978394,0.6781830191612244,0.38806965947151184,0.6107334494590759,0.40750646591186523,0.5563192963600159,0.18548831343650818,0.5480668544769287,0.27515411376953125,0.4322216510772705,0.34827473759651184,0.45268869400024414,0.38823506236076355,0.5035165548324585,0.17357486486434937,0.5599859952926636,0.28672096133232117,0.41389310359954834,0.3666234314441681,0.4535326361656189,0.39827898144721985,0.5193338394165039,0.18677186965942383,0.5853273272514343,0.2760365307331085,0.4419924020767212,0.3561815619468689,0.4715065658092499,0.3907390236854553,0.5281654000282288,0.22057445347309113,0.6212614178657532,0.2844026982784271,0.5086607336997986,0.3438366949558258,0.5098820328712463,0.3813367486000061,0.5400838255882263
1,0.20196795463562012,0.9287828207015991,0.30359891057014465,0.7932678461074829,0.3465738594532013,0.6844462752342224,0.38953906297683716,0.6142835021018982,0.41111308336257935,0.5608371496200562,0.1884266436100006,0.5523979067802429,0.274852454662323,0.4365236759185791,0.34735196828842163,0.4542575478553772,0.3878273367881775,0.5041107535362244,0.17663779854774475,0.5598206520080566,0.28635096549987793,0.41693007946014404,0.36584585905075073,0.4538537859916687,0.39911264181137085,0.5206780433654785,0.18953602015972137,0.5822874307632446,0.2778007388114929,0.4414721131324768,0.3572344481945038,0.4708629548549652,0.39235982298851013,0.5285604596138,0.22352392971515656,0.6163528561592102,0.2867646813392639,0.5035438537597656,0.34575513005256653,0.5052967071533203,0.38336271047592163,0.5365490317344666
1,0.2025277465581894,0.9302017092704773,0.30435192584991455,0.7930834889411926,0.34582504630088806,0.6841432452201843,0.38994020223617554,0.6145866513252258,0.4125792980194092,0.5564733743667603,0.19219334423542023,0.5519586801528931,0.2784269452095032,0.43781161308288574,0.34962210059165955,0.4574470520019531,0.38701486587524414,0.5066326260566711,0.17935483157634735,0.5594958662986755,0.28530263900756836,0.41972675919532776,0.365273654460907,0.4561598300933838,0.39772599935531616,0.5206966400146484,0.19074633717536926,0.582278311252594,0.2752790153026581,0.4374309778213501,0.3554673492908478,0.4687308967113495,0.38876569271087646,0.5257027745246887,0.22233910858631134,0.6151675581932068,0.2867487370967865,0.5018916130065918,0.3453792333602905,0.5048376321792603,0.38023024797439575,0.5363122820854187
1,0.20620760321617126,0.9308508038520813,0.3080247640609741,0.7969710826873779,0.3487083613872528,0.6851382851600647,0.39055052399635315,0.6140424609184265,0.4119812846183777,0.5564432144165039,0.19162717461585999,0.5521555542945862,0.28041335940361023,0.43626800179481506,0.3528754413127899,0.4561629295349121,0.3891579806804657,0.5079213380813599,0.17647460103034973,0.5595328211784363,0.2850453853607178,0.41655445098876953,0.3659420907497406,0.4533750116825104,0.39798757433891296,0.5185094475746155,0.18710583448410034,0.5828666090965271,0.27568453550338745,0.43350714445114136,0.35592252016067505,0.4651455879211426,0.38886937499046326,0.5231389999389648,0.21853096783161163,0.6170807480812073,0.2864324748516083,0.5025554299354553,0.34563225507736206,0.5056635141372681,0.3799472749233246,0.53657066822052
1,0.20527850091457367,0.930063009262085,0.30634739995002747,0.7973704934120178,0.34830498695373535,0.6868812441825867,0.39002540707588196,0.6145960092544556,0.4085908830165863,0.5559484362602234,0.1889289915561676,0.5521935224533081,0.2765852212905884,0.4371238052845001,0.34880390763282776,0.45365050435066223,0.3872418999671936,0.5019277930259705,0.17588423192501068,0.5597673058509827,0.28590911626815796,0.41678881645202637,0.36559468507766724,0.4520702064037323,0.39845800399780273,0.5169176459312439,0.1879451721906662,0.5826462507247925,0.276634156703949,0.4381508231163025,0.35597681999206543,0.4665232300758362,0.3901558518409729,0.5239183306694031,0.22095824778079987,0.6175664663314819,0.2869121730327606,0.5048035383224487,0.34557071328163147,0.5066921710968018,0.38114479184150696,0.5387110114097595
1,0.20918706059455872,0.9305566549301147,0.3102935552597046,0.7958800792694092,0.3511839807033539,0.6898144483566284,0.39254704117774963,0.6177961230278015,0.4131038188934326,0.5554157495498657,0.1993868499994278,0.5586512684822083,0.2818686366081238,0.44130271673202515,0.3525731563568115,0.45857033133506775,0.3884218633174896,0.5066439509391785,0.1827021837234497,0.5634312033653259,0.28607678413391113,0.41897544264793396,0.3658292591571808,0.4526391625404358,0.39905110001564026,0.5163687467575073,0.19133073091506958,0.5836727619171143,0.2775048315525055,0.4355016350746155,0.35759982466697693,0.46485668420791626,0.3917962312698364,0.5224578380584717,0.22073310613632202,0.6149656176567078,0.2861967086791992,0.4981173872947693,0.3461310863494873,0.5011764764785767,0.38238224387168884,0.5339593887329102
1,0.20755833387374878,0.9319170713424683,0.30848708748817444,0.7987346649169922,0.3498854339122772,0.688607394695282,0.39280131459236145,0.6168427467346191,0.41236597299575806,0.5562763214111328,0.19978606700897217,0.5565654039382935,0.28110259771347046,0.44087016582489014,0.3526840806007385,0.45840543508529663,0.3904891014099121,0.5079342126846313,0.18326865136623383,0.5624710917472839,0.2846331298351288,0.42044541239738464,0.3657768964767456,0.45443546772003174,0.399245947599411,0.5182788968086243,0.19068652391433716,0.5839887261390686,0.27313554286956787,0.43317458033561707,0.354859322309494,0.4624026417732239,0.3899065852165222,0.5196021795272827,0.21959896385669708,0.6158325672149658,0.2853282392024994,0.49936914443969727,0.34543079137802124,0.5014379024505615,0.38126128911972046,0.5323417782783508
1,0.20714783668518066,0.9328832626342773,0.30957216024398804,0.7987216711044312,0.3508507311344147,0.687506914138794,0.3926573097705841,0.6152037978172302,0.4142438769340515,0.5545582175254822,0.19949525594711304,0.5553082823753357,0.2822646200656891,0.43837881088256836,0.35388118028640747,0.4589832127094269,0.3901052474975586,0.5108354091644287,0.18275292217731476,0.5615532398223877,0.28489723801612854,0.4186389744281769,0.36654096841812134,0.4547221064567566,0.39961904287338257,0.5193604826927185,0.19004029035568237,0.5832670331001282,0.2737371623516083,0.429576575756073,0.3555459678173065,0.46133244037628174,0.3898390233516693,0.519950807094574,0.21876858174800873,0.6156176328659058,0.28593528270721436,0.4980778396129608,0.34657883644104004,0.5009530186653137,0.38200676441192627,0.5320049524307251
1,0.21537387371063232,0.9367793798446655,0.3204007148742676,0.8041576147079468,0.36717328429222107,0.7001586556434631,0.4078049063682556,0.6246552467346191,0.4149520695209503,0.5522415637969971,0.22107595205307007,0.563966691493988,0.28611910343170166,0.4468833804130554,0.35312190651893616,0.45468002557754517,0.38885611295700073,0.5016074180603027,0.19932791590690613,0.5648187398910522,0.28328579664230347,0.4262906610965729,0.36125314235687256,0.4511958658695221,0.3977753818035126,0.514980137348175,0.19894975423812866,0.5796492695808411,0.27252382040023804,0.4299171566963196,0.354132741689682,0.4521893262863159,0.39340224862098694,0.5116493701934814,0.22255071997642517,0.6073225140571594,0.2843429446220398,0.4831944406032562,0.3477258086204529,0.48449790477752686,0.3871500492095947,0.5222232341766357
1,0.21045979857444763,0.9380620718002319,0.31848040223121643,0.8129450678825378,0.3657190203666687,0.7032946944236755,0.40553247928619385,0.6246805191040039,0.4119330942630768,0.5599353313446045,0.2175033688545227,0.5636466145515442,0.28556472063064575,0.44819313287734985,0.354963481426239,0.4558084011077881,0.39246854186058044,0.5034793615341187,0.19765691459178925,0.5652281045913696,0.27902698516845703,0.4263153076171875,0.3599644899368286,0.4493233561515808,0.3999558389186859,0.5134337544441223,0.1984354853630066,0.5786392688751221,0.2710230350494385,0.4305631220340729,0.35411641001701355,0.4491189420223236,0.3958446979522705,0.5073540806770325,0.2219022512435913,0.6047790050506592,0.2876797616481781,0.48625409603118896,0.35001593828201294,0.4852031171321869,0.38960665464401245,0.5205363631248474
1,0.22625160217285156,0.9385932683944702,0.32918813824653625,0.8310539126396179,0.38783299922943115,0.7303368449211121,0.4327060580253601,0.6498140692710876,0.422426700592041,0.5798115730285645,0.2743169367313385,0.5835992097854614,0.314602255821228,0.4679030179977417,0.3738969564437866,0.4727499485015869,0.4062066078186035,0.5145823955535889,0.2493564784526825,0.581240713596344,0.2999045252799988,0.44527626037597656,0.369342178106308,0.4672519564628601,0.40341076254844666,0.5244075655937195,0.2353435456752777,0.5890724658966064,0.28807616233825684,0.4439616799354553,0.3659779131412506,0.4632757902145386,0.40635788440704346,0.5224990248680115,0.2390444129705429,0.6097846627235413,0.2919013202190399,0.48509272933006287,0.35545361042022705,0.48649781942367554,0.39749765396118164,0.5282838940620422
1,0.2260405421257019,0.9282433390617371,0.32936012744903564,0.8349635004997253,0.3867454528808594,0.7301384806632996,0.4338396191596985,0.6486701369285583,0.4234890937805176,0.5768066644668579,0.2721441686153412,0.5798013210296631,0.3131293058395386,0.46704331040382385,0.37701982259750366,0.47907090187072754,0.4118817150592804,0.5243484973907471,0.2505090832710266,0.5764971375465393,0.2987242043018341,0.4396325945854187,0.3753025233745575,0.4630237817764282,0.41255486011505127,0.5235555171966553,0.23783725500106812,0.58219975233078,0.2860047221183777,0.43659254908561707,0.3697207272052765,0.4580020308494568,0.4103201925754547,0.5187134742736816,0.24260693788528442,0.6012047529220581,0.2989416718482971,0.4764358401298523,0.3637496829032898,0.48107394576072693,0.40263786911964417,0.5246709585189819
1,0.22466859221458435,0.9274381399154663,0.3271292448043823,0.8390716314315796,0.3867295980453491,0.7339964509010315,0.43338292837142944,0.6530939936637878,0.4248133897781372,0.583417534828186,0.2740222215652466,0.5813471674919128,0.31288647651672363,0.47076791524887085,0.37638673186302185,0.48306500911712646,0.4108961224555969,0.5277509689331055,0.2526583671569824,0.5771633386611938,0.2986146807670593,0.4436687231063843,0.37480929493904114,0.4667433500289917,0.41216206550598145,0.5264421105384827,0.2397516667842865,0.5819565653800964,0.2870728671550751,0.4409540593624115,0.36945781111717224,0.46219807863235474,0.41024842858314514,0.5224718451499939,0.24393320083618164,0.5998924970626831,0.2989470958709717,0.4795556962490082,0.3643285930156708,0.4830027222633362,0.4049520790576935,0.5251460671424866
1,0.22762387990951538,0.9288119673728943,0.33095458149909973,0.8496663570404053,0.3936343491077423,0.7516205906867981,0.44257408380508423,0.6715691089630127,0.4316304326057434,0.6071398258209229,0.29870665073394775,0.6037049293518066,0.33346396684646606,0.5032416582107544,0.38779690861701965,0.5087981224060059,0.41651415824890137,0.5447608232498169,0.2767468988895416,0.5944676399230957,0.3141223192214966,0.4649357795715332,0.3808480501174927,0.48095807433128357,0.4165584444999695,0.5321723818778992,0.25981664657592773,0.5959448218345642,0.2993493974208832,0.458074688911438,0.3748089671134949,0.4749905467033386,0.4161098003387451,0.5304849147796631,0.2559625506401062,0.6096214652061462,0.3071250915527344,0.493635892868042,0.3696496784687042,0.4933761656284332,0.4127552807331085,0.5290648341178894
1,0.2241176813840866,0.9217371940612793,0.3311306834220886,0.8475102782249451,0.39460694789886475,0.7469390034675598,0.44204843044281006,0.670272707939148,0.43621358275413513,0.6095798015594482,0.3026706874370575,0.600825309753418,0.3378988206386566,0.5083336234092712,0.39174896478652954,0.5181202292442322,0.4214136004447937,0.5535004734992981,0.2810468077659607,0.5905108451843262,0.31876909732818604,0.466896116733551,0.3838357925415039,0.48018985986709595,0.4190388321876526,0.5311964154243469,0.26243865489959717,0.5913709402084351,0.3020995855331421,0.45624077320098877,0.37610432505607605,0.4723406434059143,0.4168614149093628,0.5279861688613892,0.2560848891735077,0.6042125821113586,0.3067631125450134,0.49177542328834534,0.3681511878967285,0.49211010336875916,0.41156286001205444,0.5277040600776672
1,0.22902949154376984,0.9213626384735107,0.3365396559238434,0.8468034267425537,0.39668363332748413,0.7533813714981079,0.4442240595817566,0.6805371642112732,0.43966442346572876,0.6135852336883545,0.3047108054161072,0.6124370098114014,0.340337872505188,0.5212728381156921,0.3930802047252655,0.5271499752998352,0.4211226999759674,0.5575957298278809,0.28372839093208313,0.5994964241981506,0.3228559195995331,0.47816282510757446,0.3874809145927429,0.4906502962112427,0.422500342130661,0.5388921499252319,0.26595187187194824,0.5973311066627502,0.3059597611427307,0.46535515785217285,0.3802710473537445,0.48092150688171387,0.42106419801712036,0.5335793495178223,0.26042330265045166,0.6082744598388672,0.31117182970046997,0.4956305921077728,0.37278464436531067,0.4981808066368103,0.41593316197395325,0.5354841947555542
1,0.2284458726644516,0.9196346402168274,0.3346061110496521,0.850621223449707,0.3967306613922119,0.75394207239151,0.44536447525024414,0.6798653602600098,0.4404265284538269,0.6154781579971313,0.30985021591186523,0.6124833822250366,0.3436669707298279,0.5230342149734497,0.393435537815094,0.5264306664466858,0.42145153880119324,0.5517973303794861,0.2872389256954193,0.598471462726593,0.32245126366615295,0.4781494736671448,0.384562224149704,0.48546814918518066,0.4219110310077667,0.5264254212379456,0.26694440841674805,0.5961498022079468,0.30555132031440735,0.46186649799346924,0.3782406151294708,0.4754127860069275,0.42166560888290405,0.525704562664032,0.2591041624546051,0.606774628162384,0.31046509742736816,0.4968520402908325,0.37195494771003723,0.49635207653045654,0.41802552342414856,0.5285438299179077
1,0.22881221771240234,0.9187660813331604,0.33448663353919983,0.8507373332977295,0.3965274691581726,0.7539690732955933,0.445899099111557,0.6810488104820251,0.4416523575782776,0.617500901222229,0.3047344386577606,0.6103560328483582,0.3427102565765381,0.519062340259552,0.3951939344406128,0.5262287259101868,0.422224223613739,0.5573493242263794,0.2827596068382263,0.5977658033370972,0.323453426361084,0.4757832884788513,0.3874981999397278,0.4861040413379669,0.42223846912384033,0.5320096015930176,0.2649722993373871,0.5969796180725098,0.3063490092754364,0.46144360303878784,0.37917977571487427,0.4758644104003906,0.4198060631752014,0.527546763420105,0.2601688504219055,0.6096844673156738,0.312385618686676,0.4995076656341553,0.373698890209198,0.49860233068466187,0.4177582859992981,0.5304614305496216
1,0.2276347279548645,0.920268177986145,0.333501935005188,0.8521183729171753,0.39612844586372375,0.755125880241394,0.4459642767906189,0.6814959645271301,0.44139939546585083,0.6177433729171753,0.3069351315498352,0.6120508313179016,0.34426456689834595,0.5198390483856201,0.39614659547805786,0.5279570817947388,0.4232597053050995,0.5594367980957031,0.28502246737480164,0.5992075204849243,0.32469290494918823,0.47630536556243896,0.3886633813381195,0.4872819185256958,0.4235146939754486,0.5339970588684082,0.2662297487258911,0.5980597734451294,0.3072468638420105,0.46208882331848145,0.38063544034957886,0.4779413938522339,0.42113855481147766,0.5310906767845154,0.2597162127494812,0.6104764938354492,0.3128706216812134,0.49961918592453003,0.3750014901161194,0.49937546253204346,0.41932451725006104,0.5322120785713196
1,0.22812090814113617,0.9199668765068054,0.3339788615703583,0.8524954319000244,0.3966373801231384,0.7553842663764954,0.4459698796272278,0.6818796396255493,0.4414495527744293,0.6183300018310547,0.30627700686454773,0.6124991178512573,0.3439050614833832,0.5224076509475708,0.39539188146591187,0.5283961892127991,0.42216992378234863,0.558609127998352,0.2843089997768402,0.5992326140403748,0.3247275948524475,0.4771224856376648,0.3879420757293701,0.4867832660675049,0.4226873517036438,0.5328992605209351,0.2660444676876068,0.597858190536499,0.3071591258049011,0.46185338497161865,0.3793856203556061,0.4763851463794708,0.42024144530296326,0.5290001034736633,0.2604495584964752,0.6098792552947998,0.31258246302604675,0.500201940536499,0.37384313344955444,0.49909889698028564,0.4183899462223053,0.5310513973236084
1,0.2269749939441681,0.921306312084198,0.3322979807853699,0.8529784679412842,0.39480268955230713,0.7536835670471191,0.44211506843566895,0.681018054485321,0.44025754928588867,0.620293915271759,0.3076419234275818,0.6125304698944092,0.3435569703578949,0.5277503728866577,0.3941190242767334,0.5308974981307983,0.42252787947654724,0.557361364364624,0.28619465231895447,0.59824538230896,0.32338985800743103,0.4790091812610626,0.38568738102912903,0.4846877455711365,0.42284366488456726,0.5278866291046143,0.2670503556728363,0.5957515835762024,0.30595749616622925,0.464037150144577,0.3779114782810211,0.47620344161987305,0.42116883397102356,0.5271954536437988,0.2597537040710449,0.6062503457069397,0.3100392818450928,0.4998715817928314,0.3709206283092499,0.4981410503387451,0.41764765977859497,0.5291099548339844
1,0.23120158910751343,0.9176403284072876,0.334662526845932,0.8502697944641113,0.39679089188575745,0.7538463473320007,0.4427306652069092,0.6803512573242188,0.43915751576423645,0.614923894405365,0.3111378252506256,0.6110053658485413,0.345473974943161,0.5242448449134827,0.39563000202178955,0.5292419791221619,0.4236995279788971,0.5565592050552368,0.28928476572036743,0.596797525882721,0.32422512769699097,0.4769239127635956,0.38625389337539673,0.485027015209198,0.42295411229133606,0.5283834338188171,0.2688857316970825,0.5941770076751709,0.3071303963661194,0.4606422185897827,0.3784433603286743,0.47453978657722473,0.4207286834716797,0.5258674621582031,0.25993096828460693,0.6040512323379517,0.3104192912578583,0.4984152317047119,0.37102627754211426,0.4978964626789093,0.4166240692138672,0.5290459990501404
1,0.22318246960639954,0.9201344847679138,0.32902640104293823,0.8503590822219849,0.3909895420074463,0.7490092515945435,0.4388599097728729,0.6753780841827393,0.43582627177238464,0.6141852736473083,0.29765769839286804,0.6091954708099365,0.33699294924736023,0.5220451354980469,0.3896881341934204,0.5256360769271851,0.41846421360969543,0.5532593131065369,0.2762262225151062,0.595288097858429,0.3181267976760864,0.4759146571159363,0.3826424181461334,0.4826470911502838,0.41997843980789185,0.5263082981109619,0.2591274678707123,0.5942508578300476,0.3028828203678131,0.4621257781982422,0.37660250067710876,0.47488290071487427,0.41973575949668884,0.5264623761177063,0.25551140308380127,0.6062195301055908,0.3089458644390106,0.49776190519332886,0.3707255423069,0.496223121881485,0.41688501834869385,0.5276771783828735
1,0.222224622964859,0.921149492263794,0.32921141386032104,0.8483678698539734,0.3919406235218048,0.7509880661964417,0.44007885456085205,0.6785187125205994,0.4369710683822632,0.6120196580886841,0.29910141229629517,0.6069939136505127,0.3383461833000183,0.5206458568572998,0.3906530737876892,0.526289701461792,0.4192780554294586,0.5562183260917664,0.27768075466156006,0.5933389663696289,0.3190382719039917,0.4759323000907898,0.3832564949989319,0.48662495613098145,0.4205600619316101,0.5339362621307373,0.26009342074394226,0.5922515392303467,0.3039216697216034,0.46089550852775574,0.3773369789123535,0.4738844633102417,0.42053598165512085,0.5254258513450623,0.2558490037918091,0.60469651222229,0.3100375533103943,0.49751341342926025,0.37194138765335083,0.49537912011146545,0.4181881546974182,0.5257862210273743
1,0.22219055891036987,0.9214299917221069,0.32946455478668213,0.8482038974761963,0.39131659269332886,0.7498601675033569,0.43926799297332764,0.6775009632110596,0.43716520071029663,0.6141026616096497,0.2971460819244385,0.6072345972061157,0.3369964063167572,0.5208643078804016,0.3900744915008545,0.5265823602676392,0.4190860688686371,0.5573106408119202,0.27604004740715027,0.5936129093170166,0.31881484389305115,0.47639939188957214,0.3832082152366638,0.48788172006607056,0.4195461571216583,0.536846399307251,0.25935015082359314,0.5925599932670593,0.30368199944496155,0.4616832137107849,0.3770022392272949,0.47566404938697815,0.41914868354797363,0.5288231372833252,0.2562679946422577,0.6050510406494141,0.31010475754737854,0.4961649775505066,0.37187206745147705,0.49499380588531494,0.4174864888191223,0.5272137522697449
1,0.2187378704547882,0.9226274490356445,0.3251044452190399,0.847899317741394,0.38530731201171875,0.7440475225448608,0.4327194094657898,0.6679827570915222,0.4290996193885803,0.6038451790809631,0.28380778431892395,0.6023531556129456,0.32397300004959106,0.5075305104255676,0.3808891177177429,0.5090219378471375,0.41402876377105713,0.5366182923316956,0.2636706829071045,0.5906345248222351,0.3073924481868744,0.4655974805355072,0.3751339316368103,0.47230064868927,0.41497841477394104,0.5158257484436035,0.2506655752658844,0.5915915966033936,0.2977166473865509,0.45652416348457336,0.373862624168396,0.47025883197784424,0.41803863644599915,0.5222997665405273,0.25310060381889343,0.6052650213241577,0.3073459565639496,0.49271127581596375,0.3692643940448761,0.4940224289894104,0.4134862422943115,0.5298779606819153
1,0.2190714329481125,0.9237933158874512,0.32664844393730164,0.8450496196746826,0.38628166913986206,0.7453618049621582,0.432620108127594,0.6709496974945068,0.43175309896469116,0.6020292639732361,0.28219810128211975,0.6010041832923889,0.323011577129364,0.5038027167320251,0.38121044635772705,0.50851970911026,0.4156677722930908,0.5392286777496338,0.2622338831424713,0.5915891528129578,0.3080960810184479,0.4658666253089905,0.3774226903915405,0.4778488278388977,0.416585773229599,0.5271964073181152,0.2491348683834076,0.5934022665023804,0.2965083122253418,0.4572333097457886,0.37491998076438904,0.472964882850647,0.4186667203903198,0.527259349822998,0.2514456510543823,0.6075145602226257,0.3070363998413086,0.4907192587852478,0.3698684573173523,0.4928443431854248,0.41288894414901733,0.5304129123687744
1,0.20957955718040466,0.9350058436393738,0.3219916522502899,0.8482403755187988,0.3791236877441406,0.7419617176055908,0.42558375000953674,0.6683648228645325,0.4275720715522766,0.6061492562294006,0.26524820923805237,0.6045721173286438,0.3117803633213043,0.5091392397880554,0.37216994166374207,0.5095994472503662,0.40842682123184204,0.534835696220398,0.24562369287014008,0.592686653137207,0.29912346601486206,0.4682150185108185,0.37179434299468994,0.47785675525665283,0.41369375586509705,0.5253509879112244,0.23686546087265015,0.5926550030708313,0.2889035940170288,0.45891445875167847,0.36940714716911316,0.4754756689071655,0.4146537184715271,0.5271428823471069,0.24607622623443604,0.6070049405097961,0.30031856894493103,0.48953038454055786,0.36333364248275757,0.4924829602241516,0.40772926807403564,0.5297090411186218
1,0.21515707671642303,0.9373316764831543,0.3249454200267792,0.8463425040245056,0.37864914536476135,0.7425416707992554,0.4248781204223633,0.6677119731903076,0.4258677661418915,0.5991077423095703,0.26675885915756226,0.6025753021240234,0.3137226700782776,0.5042233467102051,0.3753373920917511,0.5077826976776123,0.4101024568080902,0.5401371717453003,0.24621272087097168,0.5919406414031982,0.29904884099960327,0.4651600420475006,0.3722355365753174,0.47826987504959106,0.4115791320800781,0.5306304693222046,0.23635908961296082,0.5922107100486755,0.2863719165325165,0.4556398391723633,0.3684081733226776,0.47088050842285156,0.4126242995262146,0.5243382453918457,0.24493636190891266,0.6070575714111328,0.30152010917663574,0.48766595125198364,0.3654938042163849,0.49001985788345337,0.4085168242454529,0.5280553102493286
1,0.21409574151039124,0.9437216520309448,0.3243410885334015,0.8502629995346069,0.37874478101730347,0.7455772161483765,0.42559191584587097,0.6729615926742554,0.4261956810951233,0.6044484376907349,0.2618842124938965,0.6016826629638672,0.31088024377822876,0.4930800795555115,0.3743651211261749,0.5020713210105896,0.4081690013408661,0.5432580709457397,0.24148952960968018,0.593774676322937,0.3013220727443695,0.45809733867645264,0.37609416246414185,0.4802413284778595,0.40985721349716187,0.5392147302627563,0.23356184363365173,0.598441481590271,0.2883518934249878,0.4543602466583252,0.37021178007125854,0.47624671459198,0.4074731171131134,0.5356914401054382,0.2445940375328064,0.6179319024085999,0.30228039622306824,0.4885534644126892,0.36727431416511536,0.4936271905899048,0.4059467613697052,0.5369875431060791
1,0.21139954030513763,0.9491633176803589,0.3239886164665222,0.8512312173843384,0.378014475107193,0.7473269104957581,0.4254124164581299,0.6735808253288269,0.42620986700057983,0.6019805073738098,0.2627546191215515,0.6064832806587219,0.3085085451602936,0.5006425380706787,0.3708946108818054,0.5035184025764465,0.4055352210998535,0.538142204284668,0.24253150820732117,0.5975701212882996,0.29866141080856323,0.46287184953689575,0.3720473349094391,0.48071208596229553,0.40785589814186096,0.5382881164550781,0.2346004843711853,0.5994834303855896,0.28714579343795776,0.4578436315059662,0.3682640790939331,0.4770126938819885,0.4078884422779083,0.5356866121292114,0.24533087015151978,0.6166588068008423,0.3024420440196991,0.4913449287414551,0.3667280077934265,0.4949207901954651,0.40668144822120667,0.5379921793937683
1,0.21503575146198273,0.9467412233352661,0.32380878925323486,0.8526116013526917,0.3780055344104767,0.7461549043655396,0.42315638065338135,0.6707501411437988,0.42627960443496704,0.600997805595398,0.2636668086051941,0.6025506854057312,0.3114915192127228,0.4979514181613922,0.3739144206047058,0.5042597055435181,0.4085414409637451,0.5402722358703613,0.24254092574119568,0.5941958427429199,0.299467533826828,0.45992690324783325,0.3735928535461426,0.47985827922821045,0.40963029861450195,0.5372151136398315,0.233528271317482,0.5982879996299744,0.28747934103012085,0.4541208744049072,0.369167298078537,0.47478049993515015,0.4089553952217102,0.5331573486328125,0.24325081706047058,0.6160922050476074,0.30159491300582886,0.49010297656059265,0.3659120798110962,0.4956830143928528,0.4056858420372009,0.538073718547821
1,0.20969095826148987,0.9507142901420593,0.3229210674762726,0.8511098623275757,0.3762894570827484,0.7509436011314392,0.42457905411720276,0.675955057144165,0.4250985383987427,0.6068779230117798,0.26989656686782837,0.6136614084243774,0.31251126527786255,0.5140901207923889,0.3726919889450073,0.5128538608551025,0.4064619243144989,0.54228276014328,0.24932581186294556,0.603202223777771,0.29839128255844116,0.4737003743648529,0.37022465467453003,0.48406028747558594,0.40946444869041443,0.5378944873809814,0.2393881380558014,0.6023503541946411,0.28561627864837646,0.46641725301742554,0.36669644713401794,0.478967547416687,0.4116501808166504,0.5331234931945801,0.24666275084018707,0.6175103783607483,0.3011135458946228,0.4992164075374603,0.36458542943000793,0.4982309639453888,0.408987820148468,0.536412239074707
1,0.21275106072425842,0.9456871747970581,0.32226234674453735,0.8516726493835449,0.3753819465637207,0.7480875253677368,0.4220980107784271,0.6732354164123535,0.4271407127380371,0.6019108891487122,0.2648288905620575,0.6066588163375854,0.3144943118095398,0.505275547504425,0.37756508588790894,0.5114985704421997,0.4124661982059479,0.546181321144104,0.24415051937103271,0.5970831513404846,0.30058637261390686,0.46726590394973755,0.3748263120651245,0.48356953263282776,0.4125395715236664,0.5376425981521606,0.23478586971759796,0.5995502471923828,0.28899839520454407,0.460570752620697,0.37123385071754456,0.4792781472206116,0.4128674268722534,0.5346477031707764,0.24383673071861267,0.6163161993026733,0.30403125286102295,0.49572715163230896,0.36790594458580017,0.5008841753005981,0.4082750976085663,0.5406771898269653
1,0.2121274173259735,0.9434537887573242,0.3234889507293701,0.8500884771347046,0.3776037096977234,0.7494351863861084,0.4252505898475647,0.6739693880081177,0.42377907037734985,0.6040701866149902,0.2701294422149658,0.6076605319976807,0.31405362486839294,0.5038777589797974,0.37455177307128906,0.5080245733261108,0.40825533866882324,0.5431660413742065,0.24915647506713867,0.5987122654914856,0.30079221725463867,0.46626710891723633,0.3729158043861389,0.48251333832740784,0.4104134440422058,0.5381753444671631,0.23842158913612366,0.6003965735435486,0.286653071641922,0.46125859022140503,0.3676407039165497,0.4782566428184509,0.4098515808582306,0.5339139699935913,0.24492397904396057,0.6173692345619202,0.30042731761932373,0.494476318359375,0.3635891377925873,0.4965290129184723,0.4054548740386963,0.5365433692932129
1,0.21352863311767578,0.9425861239433289,0.3232980966567993,0.852599024772644,0.3782484531402588,0.749022901058197,0.4245777726173401,0.6728771328926086,0.4257655143737793,0.6034541726112366,0.267062783241272,0.6068404316902161,0.3143347501754761,0.5025331974029541,0.3765544295310974,0.5106134414672852,0.41153058409690857,0.5477327704429626,0.24578027427196503,0.5979424118995667,0.3019355535507202,0.46526432037353516,0.3760473132133484,0.4852931499481201,0.41342854499816895,0.5425584316253662,0.23587170243263245,0.6005656123161316,0.28780198097229004,0.46049025654792786,0.36977431178092957,0.4816179573535919,0.4109954237937927,0.5389989614486694,0.24391984939575195,0.6171618700027466,0.3001037538051605,0.4929203987121582,0.3638860285282135,0.498089075088501,0.4048558473587036,0.5397043228149414
1,0.21129806339740753,0.9440674781799316,0.32203009724617004,0.8540258407592773,0.37750673294067383,0.7514798045158386,0.42509725689888,0.6760393381118774,0.4249337911605835,0.6068615317344666,0.2680664360523224,0.6071463823318481,0.3137264549732208,0.5031867623329163,0.37461450695991516,0.5082750916481018,0.40898165106773376,0.5427762866020203,0.24685361981391907,0.59834885597229,0.3013080656528473,0.46568119525909424,0.37419649958610535,0.48326587677001953,0.4119778573513031,0.53913813829422,0.23631048202514648,0.6010631918907166,0.287465900182724,0.46093547344207764,0.36883053183555603,0.479026734828949,0.41102755069732666,0.5348195433616638,0.24346783757209778,0.6186081171035767,0.3001452088356018,0.49526986479759216,0.3636806309223175,0.4975312352180481,0.4054882526397705,0.5365237593650818
1,0.20951196551322937,0.9428772926330566,0.31784746050834656,0.8566098809242249,0.3737877309322357,0.7502855062484741,0.4223606586456299,0.6725465655326843,0.42519789934158325,0.6021932363510132,0.2643924057483673,0.6043064594268799,0.31012648344039917,0.5006005167961121,0.3727448880672455,0.5076998472213745,0.4088113307952881,0.5439894199371338,0.24387240409851074,0.5957316756248474,0.2988710105419159,0.4648289084434509,0.37257012724876404,0.4833274185657501,0.4101579487323761,0.5391607284545898,0.23334670066833496,0.5988079905509949,0.28664129972457886,0.4601935148239136,0.3680342435836792,0.4799995720386505,0.4094265103340149,0.5365925431251526,0.2403685450553894,0.6157007813453674,0.29877111315727234,0.4937986731529236,0.3624597191810608,0.4985535740852356,0.4030492901802063,0.538972020149231
1,0.2097419798374176,0.9446604251861572,0.31813934445381165,0.8562646508216858,0.37256067991256714,0.7512640953063965,0.4204959273338318,0.6763808131217957,0.426470011472702,0.6090697050094604,0.2634549140930176,0.6060170531272888,0.3096882104873657,0.502526044845581,0.3718560039997101,0.5086718797683716,0.40760526061058044,0.5436965227127075,0.24290236830711365,0.5972698926925659,0.2984314560890198,0.4660298824310303,0.3716300427913666,0.48511141538619995,0.4090614914894104,0.5409908890724182,0.23299333453178406,0.6002569198608398,0.2851526141166687,0.4592550992965698,0.36647599935531616,0.47876137495040894,0.4086260199546814,0.5353174209594727,0.24082770943641663,0.6169330477714539,0.29809191823005676,0.49379032850265503,0.36216121912002563,0.497772753238678,0.4040452837944031,0.5374258756637573
1,0.2005033642053604,0.9430192708969116,0.30592283606529236,0.8596044182777405,0.3647514283657074,0.7511579990386963,0.4164986312389374,0.6736675500869751,0.42162156105041504,0.6022297739982605,0.25490236282348633,0.6022068858146667,0.30020612478256226,0.49771666526794434,0.36337634921073914,0.506181538105011,0.4002172350883484,0.5412147045135498,0.2348734438419342,0.5948731303215027,0.28940948843955994,0.4628351330757141,0.3648776113986969,0.48546409606933594,0.4045034945011139,0.543083131313324,0.22472307085990906,0.5986445546150208,0.2785058617591858,0.4561445713043213,0.3608694076538086,0.47906798124313354,0.40336474776268005,0.5371940732002258,0.23154324293136597,0.6152802109718323,0.2905576825141907,0.49432891607284546,0.3550108075141907,0.5003787875175476,0.3967186212539673,0.540693461894989
1,0.2028973400592804,0.9448319673538208,0.30690374970436096,0.8597884774208069,0.3646830916404724,0.7499910593032837,0.41491422057151794,0.6744964122772217,0.4214875400066376,0.6057502031326294,0.25548526644706726,0.6016722917556763,0.29839256405830383,0.4946795403957367,0.3626596927642822,0.5026683807373047,0.40019524097442627,0.5396065711975098,0.23536920547485352,0.5958287715911865,0.28836387395858765,0.4612244963645935,0.36365774273872375,0.4834322929382324,0.4021691381931305,0.540372908115387,0.22560423612594604,0.6008724570274353,0.27677178382873535,0.45689332485198975,0.3591051399707794,0.4774608612060547,0.4018191397190094,0.5348765254020691,0.2329663187265396,0.6180680990219116,0.2893201410770416,0.4952746331691742,0.35438692569732666,0.49858570098876953,0.3972828686237335,0.5376796722412109
1,0.1872675120830536,0.9418470859527588,0.2981041669845581,0.8528169989585876,0.35467201471328735,0.7478557825088501,0.4056943655014038,0.6743567585945129,0.41612952947616577,0.6043749451637268,0.24703621864318848,0.6016429662704468,0.2922748923301697,0.497756689786911,0.35487207770347595,0.5035318732261658,0.39111262559890747,0.5358657240867615,0.22759699821472168,0.592200756072998,0.2821325659751892,0.4620375633239746,0.3576130270957947,0.48100271821022034,0.3970477879047394,0.5383700728416443,0.2176102101802826,0.5938204526901245,0.2704090476036072,0.45583224296569824,0.3526265323162079,0.4770665764808655,0.39476272463798523,0.5336203575134277,0.2241237759590149,0.6106894016265869,0.2805848717689514,0.48929888010025024,0.34389162063598633,0.4945470690727234,0.3850677013397217,0.5354591608047485
1,0.19570070505142212,0.9431205987930298,0.3010301887989044,0.8559561967849731,0.3547222912311554,0.7466066479682922,0.4021811783313751,0.6712207794189453,0.4109836518764496,0.6040065884590149,0.24421736598014832,0.6001375913619995,0.2889598309993744,0.49514052271842957,0.35195815563201904,0.5015213489532471,0.38777780532836914,0.5384920239448547,0.223680317401886,0.5923783183097839,0.27846893668174744,0.4603445529937744,0.35348254442214966,0.4810696840286255,0.39175155758857727,0.5389535427093506,0.21437950432300568,0.595915675163269,0.26705190539360046,0.4546269178390503,0.34906402230262756,0.47535890340805054,0.3913041949272156,0.5332470536231995,0.22295135259628296,0.612788200378418,0.27976077795028687,0.4909535050392151,0.34335482120513916,0.4946924149990082,0.3851439356803894,0.5342128276824951
1,0.19355207681655884,0.9438894987106323,0.3011527359485626,0.8519192934036255,0.3550422191619873,0.7479487061500549,0.4056965112686157,0.6729540824890137,0.40960824489593506,0.604445219039917,0.2484922856092453,0.6005633473396301,0.29041236639022827,0.497089684009552,0.351974755525589,0.49966534972190857,0.38698405027389526,0.5358712077140808,0.22855788469314575,0.592429518699646,0.2784956097602844,0.4612703025341034,0.35063645243644714,0.47648197412490845,0.38861510157585144,0.5328854918479919,0.21859252452850342,0.5943409204483032,0.2669481635093689,0.45719945430755615,0.3480072319507599,0.47319525480270386,0.3910623788833618,0.5288535356521606,0.22583109140396118,0.6112911105155945,0.28115519881248474,0.4917897582054138,0.34453314542770386,0.4934587776660919,0.3877422511577606,0.5329132676124573
1,0.19783693552017212,0.9368751049041748,0.2998526096343994,0.8468093276023865,0.356924831867218,0.7429578304290771,0.40718573331832886,0.6654396057128906,0.41196128726005554,0.59028160572052,0.24440662562847137,0.5976675152778625,0.29053205251693726,0.4943750500679016,0.35300105810165405,0.49460670351982117,0.38955873250961304,0.5229301452636719,0.22488662600517273,0.5897266864776611,0.27744537591934204,0.4573001563549042,0.34995797276496887,0.46926093101501465,0.39039164781570435,0.5165479183197021,0.21643739938735962,0.5931474566459656,0.2695634067058563,0.45146551728248596,0.3499282896518707,0.46618470549583435,0.39433372020721436,0.5184254050254822,0.22595909237861633,0.6084429621696472,0.28479745984077454,0.4895174205303192,0.34809356927871704,0.48994556069374084,0.39106154441833496,0.5245881676673889
1,0.19646689295768738,0.939060389995575,0.3026579022407532,0.8459765315055847,0.3583616614341736,0.7433258891105652,0.41007208824157715,0.6679562330245972,0.4117566645145416,0.5971400737762451,0.24709267914295197,0.5957781672477722,0.2911582589149475,0.492588609457016,0.35363006591796875,0.4954511821269989,0.38965675234794617,0.5284372568130493,0.22756889462471008,0.5875388979911804,0.27989494800567627,0.4580859839916229,0.35230469703674316,0.4741971790790558,0.3909687399864197,0.5284942388534546,0.21883074939250946,0.5904359817504883,0.2704905867576599,0.4525151252746582,0.35090070962905884,0.4694659113883972,0.39369335770606995,0.5247315764427185,0.22775782644748688,0.6072616577148438,0.285372793674469,0.48749852180480957,0.34866857528686523,0.48923248052597046,0.39118337631225586,0.5273706316947937
1,0.2151384949684143,0.9234820008277893,0.3112667202949524,0.8432019352912903,0.3760369122028351,0.7414383888244629,0.4223827123641968,0.6578259468078613,0.4212344288825989,0.5826186537742615,0.25692811608314514,0.587796688079834,0.3051455020904541,0.47730451822280884,0.3686332404613495,0.4826609492301941,0.40694722533226013,0.5184601545333862,0.23632487654685974,0.5831032991409302,0.2889642119407654,0.4441272020339966,0.3599633276462555,0.45792514085769653,0.4020264148712158,0.5066718459129333,0.22970004379749298,0.5897952318191528,0.2865842580795288,0.446789413690567,0.3616904616355896,0.4575357139110565,0.4049561619758606,0.5080382227897644,0.23987016081809998,0.603949785232544,0.2976386845111847,0.4910537600517273,0.35748356580734253,0.4872879981994629,0.39923352003097534,0.5164204835891724
1,0.22100815176963806,0.9176620244979858,0.31821250915527344,0.836307942867279,0.3801032304763794,0.7391889095306396,0.4267217516899109,0.6569692492485046,0.42279279232025146,0.5792989134788513,0.26188793778419495,0.58426833152771,0.30189672112464905,0.4772009253501892,0.36516743898391724,0.480768084526062,0.4052574634552002,0.5152395963668823,0.24196138978004456,0.5789981484413147,0.2884427607059479,0.44392791390419006,0.36101385951042175,0.4562893509864807,0.40507614612579346,0.502156138420105,0.2335854321718216,0.5830391049385071,0.2849786579608917,0.4421239495277405,0.36282867193222046,0.4541850984096527,0.4078928232192993,0.5054700374603271,0.2418733835220337,0.5963358879089355,0.29820114374160767,0.4824216961860657,0.35961660742759705,0.48022013902664185,0.4019528925418854,0.513139545917511
1,0.2198973298072815,0.9137303829193115,0.3154965043067932,0.8378141522407532,0.3791697025299072,0.7402556538581848,0.42797204852104187,0.6576983332633972,0.4247377812862396,0.5791805982589722,0.26164883375167847,0.5840839147567749,0.302479088306427,0.47242605686187744,0.36649781465530396,0.48103004693984985,0.4062354564666748,0.5219687223434448,0.24209082126617432,0.5788902640342712,0.28940150141716003,0.4414331614971161,0.3628002107143402,0.4557066857814789,0.4062444269657135,0.5045928955078125,0.23411288857460022,0.5835390686988831,0.28530898690223694,0.4401400685310364,0.3631516098976135,0.45393967628479004,0.40663403272628784,0.506668210029602,0.24229854345321655,0.5982505083084106,0.2994656562805176,0.4829496741294861,0.3608354330062866,0.4816342294216156,0.4014568328857422,0.5153806805610657
1,0.2454715073108673,0.9075555801391602,0.3388417661190033,0.8278428316116333,0.3997191786766052,0.729906439781189,0.44708165526390076,0.6500425338745117,0.4437730312347412,0.5840114951133728,0.28773465752601624,0.5767511129379272,0.3338280916213989,0.4715203642845154,0.39680084586143494,0.47831934690475464,0.4341505169868469,0.5149015188217163,0.2672562897205353,0.5726093053817749,0.317310631275177,0.442225843667984,0.38737428188323975,0.4598122239112854,0.4274384379386902,0.5078977346420288,0.25905898213386536,0.5783406496047974,0.3123718202114105,0.4412964880466461,0.38778945803642273,0.4569150507450104,0.43042945861816406,0.5100195407867432,0.2667149007320404,0.5932143330574036,0.32358115911483765,0.48394495248794556,0.385120153427124,0.4838672876358032,0.4275464415550232,0.5165737867355347
1,0.24991470575332642,0.9025557041168213,0.344317227602005,0.8257577419281006,0.40361112356185913,0.7284019589424133,0.449621319770813,0.6507700085639954,0.4462878704071045,0.5804042816162109,0.28609004616737366,0.5756921768188477,0.32922837138175964,0.4660300612449646,0.3940819203853607,0.4781079888343811,0.43346017599105835,0.5182637572288513,0.26557135581970215,0.5712345838546753,0.3176414668560028,0.4401339292526245,0.39126983284950256,0.4585414528846741,0.4323740005493164,0.5065077543258667,0.2575214207172394,0.5766173601150513,0.31082436442375183,0.4367082715034485,0.3883472681045532,0.454046368598938,0.43095409870147705,0.5075759887695312,0.26595059037208557,0.5926110148429871,0.3248601257801056,0.4811010956764221,0.38700926303863525,0.48299485445022583,0.4276773929595947,0.5181764364242554
1,0.2635709047317505,0.9015841484069824,0.3626043498516083,0.8130251169204712,0.4179709851741791,0.7192860841751099,0.4631515443325043,0.6455691456794739,0.45296263694763184,0.5783404111862183,0.3044307827949524,0.5793769359588623,0.3524415194988251,0.47338059544563293,0.4160683751106262,0.4815105199813843,0.44916412234306335,0.5244974493980408,0.28491368889808655,0.5757579207420349,0.3393426835536957,0.4427292048931122,0.4103076457977295,0.46507781744003296,0.44450297951698303,0.5160141587257385,0.2785927653312683,0.5796814560890198,0.332773894071579,0.4405825138092041,0.4101300835609436,0.45953065156936646,0.4478856027126312,0.5158119201660156,0.2899209260940552,0.5946484804153442,0.3464677035808563,0.4771438241004944,0.4092525839805603,0.4782048165798187,0.4479644298553467,0.5161560773849487
1,0.2625039517879486,0.8992092609405518,0.36512723565101624,0.8162224292755127,0.42000478506088257,0.7209542989730835,0.46461257338523865,0.647377610206604,0.45866841077804565,0.5762792825698853,0.2987785041332245,0.5768278241157532,0.35039305686950684,0.47074973583221436,0.416339248418808,0.4812038838863373,0.4524056315422058,0.5214861035346985,0.27880460023880005,0.5713552236557007,0.3387001156806946,0.4414118528366089,0.41344913840293884,0.46276044845581055,0.45086896419525146,0.5120355486869812,0.2728707492351532,0.5757767558097839,0.3320193886756897,0.4365607500076294,0.4113990366458893,0.4542844295501709,0.45044317841529846,0.5083873867988586,0.2854032814502716,0.5922735333442688,0.348651260137558,0.47773420810699463,0.41185757517814636,0.4793825149536133,0.4500708281993866,0.5153902173042297
1,0.25952041149139404,0.8980350494384766,0.36413535475730896,0.8074754476547241,0.418743759393692,0.7191584706306458,0.46903419494628906,0.6458302140235901,0.458645761013031,0.5779548287391663,0.3062856197357178,0.5759605765342712,0.3585994243621826,0.471804141998291,0.42092007398605347,0.4824976623058319,0.4514829218387604,0.5245733261108398,0.2867560386657715,0.5693370699882507,0.3475559949874878,0.43894875049591064,0.41995733976364136,0.464424192905426,0.45334017276763916,0.5206552743911743,0.28028392791748047,0.5720634460449219,0.340267151594162,0.4370833933353424,0.41855859756469727,0.46004384756088257,0.4543343484401703,0.5195629000663757,0.29181796312332153,0.5892985463142395,0.35491618514060974,0.47480523586273193,0.416629433631897,0.47983232140541077,0.4526541829109192,0.5208912491798401
1,0.25647467374801636,0.9002870321273804,0.36371004581451416,0.8117688894271851,0.41745418310165405,0.719754695892334,0.46648430824279785,0.6465855836868286,0.46134379506111145,0.5778586864471436,0.30591440200805664,0.576770544052124,0.355959951877594,0.4758443236351013,0.4189595878124237,0.48565155267715454,0.4524984657764435,0.5214908719062805,0.2860502004623413,0.5682665705680847,0.34496548771858215,0.44219285249710083,0.41771429777145386,0.4642254114151001,0.4535943865776062,0.5151748061180115,0.27864357829093933,0.569359302520752,0.336875319480896,0.43507736921310425,0.4157668650150299,0.456612229347229,0.45318111777305603,0.5126723051071167,0.2900960147380829,0.5856945514678955,0.3545343577861786,0.4727468490600586,0.41653430461883545,0.47960132360458374,0.45264673233032227,0.5210489630699158
1,0.25745725631713867,0.9005948901176453,0.36308932304382324,0.8125934600830078,0.4176030457019806,0.7213620543479919,0.46654012799263,0.6478613615036011,0.4610978960990906,0.5780060291290283,0.3056374192237854,0.5763601660728455,0.3564864695072174,0.47361040115356445,0.4202626347541809,0.4845460057258606,0.4535727798938751,0.5230981707572937,0.2861350178718567,0.5689830183982849,0.3462335765361786,0.44033581018447876,0.4196057915687561,0.4647827446460724,0.45404231548309326,0.5167544484138489,0.27901947498321533,0.5710980296134949,0.33843645453453064,0.43422120809555054,0.4177258312702179,0.45811718702316284,0.4536168575286865,0.5164113640785217,0.2904903292655945,0.5878692269325256,0.3561469316482544,0.47297734022140503,0.41893064975738525,0.4815759062767029,0.4539383351802826,0.5248467922210693
1,0.24847759306430817,0.8977612257003784,0.3566046953201294,0.8162676692008972,0.41379091143608093,0.7216606736183167,0.46309345960617065,0.6503990292549133,0.46040451526641846,0.578787088394165,0.2981255352497101,0.5701009035110474,0.35155075788497925,0.4651273190975189,0.41756418347358704,0.48184332251548767,0.4504416882991791,0.5254763960838318,0.27959686517715454,0.5634427666664124,0.3425089716911316,0.4362996220588684,0.41827037930488586,0.4626135528087616,0.4523601830005646,0.5157983303070068,0.2741125524044037,0.5686482787132263,0.3363495171070099,0.4363742768764496,0.4164762496948242,0.4600943922996521,0.4511626958847046,0.5171553492546082,0.287175714969635,0.5886637568473816,0.352872371673584,0.476273775100708,0.41572022438049316,0.4845937490463257,0.45023974776268005,0.5275105834007263
